date,symbol,open,high,low,close,volume
2023-01-03,IVV,386.1199951171875,388.1099853515625,379.6000061035156,382.5299987792969,6454700
2023-01-03,QQQ,268.6499938964844,270.1499938964844,262.1300048828125,264.4800109863281,42335300
2023-01-03,SPY,384.3699951171875,386.42999267578125,377.8299865722656,380.82000732421875,74850700
2023-01-03,VOO,353.17999267578125,355.0400085449219,347.19000244140625,349.989990234375,4957300
2023-01-03,XLK,62.8849983215332,63.29999923706055,61.189998626708984,61.630001068115234,15196200
2023-01-04,IVV,384.94000244140625,387.6300048828125,381.7699890136719,385.510009765625,3805600
2023-01-04,QQQ,266.6400146484375,267.45001220703125,262.5299987792969,265.739990234375,47754900
2023-01-04,SPY,383.17999267578125,385.8800048828125,380.0,383.760009765625,85934100
2023-01-04,VOO,352.1000061035156,354.55999755859375,349.20001220703125,352.510009765625,3119100
2023-01-04,XLK,61.95000076293945,62.185001373291016,61.11000061035156,61.790000915527344,11813000
2023-01-05,IVV,383.44000244140625,383.54998779296875,380.5299987792969,381.1300048828125,4329700
2023-01-05,QQQ,264.0400085449219,264.2099914550781,261.260009765625,261.5799865722656,45396700
2023-01-05,SPY,381.7200012207031,381.8399963378906,378.760009765625,379.3800048828125,76970500
2023-01-05,VOO,350.7300109863281,350.79998779296875,348.05999755859375,348.6600036621094,3216500
2023-01-05,XLK,61.47999954223633,61.63999938964844,60.48500061035156,60.59000015258789,11341000
2023-01-06,IVV,384.3500061035156,391.0299987792969,381.2300109863281,389.8299865722656,4838800
2023-01-06,QQQ,263.3500061035156,269.94000244140625,260.3399963378906,268.79998779296875,54659700
2023-01-06,SPY,382.6099853515625,389.25,379.4100036621094,388.0799865722656,104189600
2023-01-06,VOO,351.5899963378906,357.6700134277344,348.739990234375,356.5899963378906,3464800
2023-01-06,XLK,61.125,62.64500045776367,60.404998779296875,62.3650016784668,13825400
2023-01-09,IVV,392.1700134277344,395.5,389.42999267578125,389.55999755859375,3474700
2023-01-09,QQQ,270.8299865722656,275.2900085449219,269.9200134277344,270.5400085449219,45568700
2023-01-09,SPY,390.3699951171875,393.70001220703125,387.6700134277344,387.8599853515625,73978100
2023-01-09,VOO,358.7300109863281,361.7300109863281,356.2200012207031,356.3299865722656,3775300
2023-01-09,XLK,62.92499923706055,64.23999786376953,62.904998779296875,63.09000015258789,21427200
2023-01-10,IVV,389.0199890136719,392.44000244140625,388.0400085449219,392.3599853515625,3649100
2023-01-10,QQQ,269.489990234375,272.94000244140625,268.9700012207031,272.8299865722656,35247800
2023-01-10,SPY,387.25,390.6499938964844,386.2699890136719,390.5799865722656,65358100
2023-01-10,VOO,355.8399963378906,358.95001220703125,354.9599914550781,358.8699951171875,3495700
2023-01-10,XLK,62.935001373291016,63.58000183105469,62.599998474121094,63.47999954223633,17209000
2023-01-11,IVV,394.05999755859375,397.3999938964844,393.2200012207031,397.25,6273800
2023-01-11,QQQ,273.9200134277344,277.6600036621094,273.1199951171875,277.54998779296875,44077000
2023-01-11,SPY,392.2300109863281,395.6000061035156,391.3800048828125,395.5199890136719,68881100
2023-01-11,VOO,360.4100036621094,363.510009765625,359.6600036621094,363.45001220703125,5710500
2023-01-11,XLK,63.68000030517578,64.58000183105469,63.48500061035156,64.58000183105469,13758000
2023-01-12,IVV,398.4700012207031,400.30999755859375,394.2300109863281,398.79998779296875,3988000
2023-01-12,QQQ,278.1199951171875,280.1000061035156,273.739990234375,279.04998779296875,60600000
2023-01-12,SPY,396.6700134277344,398.489990234375,392.4200134277344,396.9599914550781,90157700
2023-01-12,VOO,364.4800109863281,366.1499938964844,360.6000061035156,364.80999755859375,4743500
2023-01-12,XLK,64.68000030517578,65.3550033569336,63.88999938964844,65.05999755859375,15358600
2023-01-13,IVV,395.4599914550781,400.9200134277344,395.1499938964844,400.3699951171875,3192700
2023-01-13,QQQ,276.5,281.2200012207031,276.1600036621094,280.9700012207031,44802900
2023-01-13,SPY,393.6199951171875,399.1000061035156,393.3399963378906,398.5,63903900
2023-01-13,VOO,361.67999267578125,366.7300109863281,361.4700012207031,366.2300109863281,3015200
2023-01-13,XLK,64.44499969482422,65.33999633789062,64.29499816894531,65.24500274658203,10153200
2023-01-17,IVV,400.3699951171875,402.07000732421875,398.9200134277344,399.6300048828125,3510100
2023-01-17,QQQ,280.7699890136719,282.8500061035156,279.5799865722656,281.5400085449219,36269700
2023-01-17,SPY,398.4800109863281,400.2300109863281,397.05999755859375,397.7699890136719,62677300
2023-01-17,VOO,366.19000244140625,367.7200012207031,364.8699951171875,365.6700134277344,4942000
2023-01-17,XLK,65.15499877929688,65.92500305175781,65.07499694824219,65.54000091552734,10425800
2023-01-18,IVV,400.8699951171875,401.94000244140625,393.1499938964844,393.3299865722656,4348500
2023-01-18,QQQ,283.1099853515625,284.69000244140625,277.6700134277344,277.8800048828125,47754500
2023-01-18,SPY,399.010009765625,400.1199951171875,391.2799987792969,391.489990234375,99632300
2023-01-18,VOO,366.6700134277344,367.6600036621094,359.5799865722656,359.7300109863281,3931800
2023-01-18,XLK,65.91000366210938,66.26000213623047,64.65499877929688,64.69499969482422,13936000
2023-01-19,IVV,391.1000061035156,392.8699951171875,389.0799865722656,390.5299987792969,3000000
2023-01-19,QQQ,276.2200012207031,277.3800048828125,273.8900146484375,275.1499938964844,44150400
2023-01-19,SPY,389.3599853515625,391.0799865722656,387.260009765625,388.6400146484375,86958900
2023-01-19,VOO,357.760009765625,359.3599853515625,355.8500061035156,357.1400146484375,3569900
2023-01-19,XLK,64.19000244140625,64.55000305175781,63.70500183105469,63.939998626708984,14645000
2023-01-20,IVV,391.8800048828125,397.8800048828125,390.19000244140625,397.70001220703125,2645400
2023-01-20,QQQ,276.7900085449219,283.0199890136719,275.7099914550781,282.67999267578125,60613600
2023-01-20,SPY,390.1000061035156,396.0400085449219,388.3800048828125,395.8800048828125,91806400
2023-01-20,VOO,358.45001220703125,363.9100036621094,356.8800048828125,363.7099914550781,3265100
2023-01-20,XLK,64.26000213623047,65.72000122070312,64.02999877929688,65.66999816894531,14127800
2023-01-23,IVV,398.54998779296875,404.5199890136719,397.6000061035156,402.4200134277344,5152200
2023-01-23,QQQ,283.5400085449219,290.2099914550781,282.7300109863281,288.9599914550781,52799900
2023-01-23,SPY,396.7200012207031,402.6499938964844,395.7200012207031,400.6300048828125,84178800
2023-01-23,VOO,364.510009765625,370.0,363.6499938964844,368.1400146484375,3243300
2023-01-23,XLK,65.93499755859375,67.55000305175781,65.78500366210938,67.16500091552734,23472600
2023-01-24,IVV,400.75,403.0400085449219,399.5,402.1499938964844,4309900
2023-01-24,QQQ,287.30999755859375,289.54998779296875,286.7799987792969,288.3699951171875,44875100
2023-01-24,SPY,398.8800048828125,401.1499938964844,397.6400146484375,400.20001220703125,59524900
2023-01-24,VOO,366.57000732421875,368.6099853515625,365.4200134277344,367.75,2702400
2023-01-24,XLK,66.78500366210938,67.38999938964844,66.68499755859375,67.13500213623047,12575600
2023-01-25,IVV,397.75,402.57000732421875,395.4200134277344,402.2200012207031,4555300
2023-01-25,QQQ,283.7699890136719,288.3599853515625,281.17999267578125,287.7300109863281,50872000
2023-01-25,SPY,395.95001220703125,400.70001220703125,393.55999755859375,400.3500061035156,84800300
2023-01-25,VOO,363.7799987792969,368.1600036621094,361.6600036621094,367.8800048828125,3061700
2023-01-25,XLK,66.0,67.16500091552734,65.38500213623047,66.99500274658203,14342200
2023-01-26,IVV,405.0400085449219,406.79998779296875,401.9200134277344,406.6400146484375,3067600
2023-01-26,QQQ,291.2200012207031,293.5199890136719,288.5199890136719,293.3399963378906,51596300
2023-01-26,SPY,403.1300048828125,404.9200134277344,400.0299987792969,404.75,72287400
2023-01-26,VOO,370.4599914550781,372.05999755859375,367.6099853515625,371.80999755859375,3460900
2023-01-26,XLK,67.6500015258789,68.09500122070312,66.94999694824219,68.06500244140625,11161800
2023-01-27,IVV,405.4800109863281,410.07000732421875,405.3900146484375,407.6499938964844,4012900
2023-01-27,QQQ,292.0,298.260009765625,291.8800048828125,296.260009765625,56441900
2023-01-27,SPY,403.6600036621094,408.1600036621094,403.44000244140625,405.67999267578125,68346200
2023-01-27,VOO,370.8900146484375,375.0799865722656,370.760009765625,372.8699951171875,5549500
2023-01-27,XLK,67.63500213623047,68.83000183105469,67.6050033569336,68.3499984741211,13549400
2023-01-30,IVV,404.6600036621094,407.0199890136719,402.20001220703125,402.4700012207031,3457400
2023-01-30,QQQ,292.92999267578125,294.3800048828125,289.8900146484375,290.2699890136719,49405800
2023-01-30,SPY,402.79998779296875,405.1300048828125,400.2799987792969,400.5899963378906,74202000
2023-01-30,VOO,370.1499938964844,372.2900085449219,367.8599853515625,368.2099914550781,3280600
2023-01-30,XLK,67.56500244140625,67.86000061035156,66.98999786376953,67.04499816894531,9705600
2023-01-31,IVV,403.0,408.3999938964844,402.6700134277344,408.30999755859375,6121200
2023-01-31,QQQ,290.30999755859375,294.7200012207031,290.20001220703125,294.6199951171875,46705100
2023-01-31,SPY,401.1300048828125,406.5299987792969,400.7699890136719,406.4800109863281,86811800
2023-01-31,VOO,368.6099853515625,373.5400085449219,368.3299865722656,373.44000244140625,4181700
2023-01-31,XLK,67.04499816894531,68.01000213623047,67.0,67.9800033569336,8871600
2023-02-01,IVV,407.1000061035156,415.5899963378906,404.2200012207031,412.6700134277344,5194600
2023-02-01,QQQ,294.4100036621094,303.42999267578125,292.29998779296875,300.9200134277344,67562200
2023-02-01,SPY,405.2099914550781,413.6700134277344,402.3500061035156,410.79998779296875,101459200
2023-02-01,VOO,372.44000244140625,380.1600036621094,369.760009765625,377.5299987792969,4941700
2023-02-01,XLK,67.93000030517578,70.13500213623047,67.6050033569336,69.58000183105469,18852800
2023-02-02,IVV,416.79998779296875,420.25,414.79998779296875,418.6600036621094,4883300
2023-02-02,QQQ,307.57000732421875,313.67999267578125,306.7300109863281,311.7200012207031,83070600
2023-02-02,SPY,414.8599853515625,418.30999755859375,412.8800048828125,416.7799987792969,101654500
2023-02-02,VOO,381.25,384.4100036621094,379.3999938964844,382.94000244140625,5207900
2023-02-02,XLK,70.7699966430664,71.87999725341797,70.44499969482422,71.4800033569336,18824000
2023-02-03,IVV,413.5199890136719,418.95001220703125,413.0400085449219,414.3500061035156,4386000
2023-02-03,QQQ,304.94000244140625,312.3900146484375,304.5400085449219,306.17999267578125,76170800
2023-02-03,SPY,411.5899963378906,416.9700012207031,411.0899963378906,412.3500061035156,94736800
2023-02-03,VOO,378.2300109863281,383.20001220703125,377.7900085449219,378.8500061035156,6472500
2023-02-03,XLK,70.25,72.04499816894531,70.1449966430664,70.88500213623047,16145400
2023-02-06,IVV,411.739990234375,413.239990234375,410.0299987792969,411.79998779296875,2579000
2023-02-06,QQQ,303.510009765625,305.9100036621094,302.2200012207031,303.5899963378906,40802300
2023-02-06,SPY,409.7900085449219,411.2900085449219,408.1000061035156,409.8299865722656,60295300
2023-02-06,VOO,376.5799865722656,377.92999267578125,375.0199890136719,376.6600036621094,2880100
2023-02-06,XLK,70.0999984741211,70.6500015258789,69.75499725341797,70.0199966430664,12977400
2023-02-07,IVV,410.7699890136719,418.42999267578125,409.5299987792969,417.1199951171875,5584800
2023-02-07,QQQ,303.4599914550781,311.0299987792969,302.32000732421875,309.8800048828125,67584000
2023-02-07,SPY,408.8699951171875,416.489990234375,407.57000732421875,415.19000244140625,90990700
2023-02-07,VOO,375.7900085449219,382.75,374.6199951171875,381.5199890136719,4504600
2023-02-07,XLK,70.125,72.04000091552734,70.09500122070312,71.7699966430664,15708200
2023-02-08,IVV,415.04998779296875,416.4599914550781,411.8800048828125,412.57000732421875,2872000
2023-02-08,QQQ,308.5400085449219,309.5,303.6700134277344,304.3699951171875,56720900
2023-02-08,SPY,413.1300048828125,414.5299987792969,409.92999267578125,410.6499938964844,76227500
2023-02-08,VOO,379.69000244140625,380.92999267578125,376.7300109863281,377.3399963378906,2921500
2023-02-08,XLK,71.91000366210938,72.29499816894531,70.76000213623047,70.90499877929688,12577000
2023-02-09,IVV,416.3800048828125,416.5199890136719,407.7300109863281,409.07000732421875,3378800
2023-02-09,QQQ,308.8399963378906,308.989990234375,300.20001220703125,301.67999267578125,49137800
2023-02-09,SPY,414.4100036621094,414.57000732421875,405.80999755859375,407.0899963378906,78694900
2023-02-09,VOO,380.9700012207031,381.0,372.95001220703125,374.1099853515625,3327700
2023-02-09,XLK,72.0,72.12000274658203,70.23500061035156,70.51499938964844,12624000
2023-02-10,IVV,407.7099914550781,410.3599853515625,406.92999267578125,409.9599914550781,2655900
2023-02-10,QQQ,299.4800109863281,301.57000732421875,297.25,299.70001220703125,50050100
2023-02-10,SPY,405.8599853515625,408.44000244140625,405.010009765625,408.0400085449219,70769700
2023-02-10,VOO,373.0,375.3900146484375,372.20001220703125,375.0199890136719,3256700
2023-02-10,XLK,69.98999786376953,70.43000030517578,69.5250015258789,70.19000244140625,9861600
2023-02-13,IVV,410.6700134277344,414.8500061035156,410.19000244140625,414.7799987792969,3757200
2023-02-13,QQQ,301.1300048828125,305.1000061035156,299.92999267578125,304.5,39636700
2023-02-13,SPY,408.7200012207031,412.9700012207031,408.239990234375,412.8299865722656,64913500
2023-02-13,VOO,375.6499938964844,379.44000244140625,375.20001220703125,379.3500061035156,2980600
2023-02-13,XLK,70.46499633789062,71.55999755859375,70.41999816894531,71.40499877929688,8411800
2023-02-14,IVV,413.1600036621094,417.0,410.45001220703125,414.55999755859375,4222800
2023-02-14,QQQ,302.8900146484375,307.7200012207031,300.9100036621094,306.75,64079100
2023-02-14,SPY,411.239990234375,415.04998779296875,408.510009765625,412.6400146484375,88389300
2023-02-14,VOO,377.9599914550781,381.4200134277344,375.45001220703125,379.2099914550781,4718000
2023-02-14,XLK,71.06999969482422,72.11499786376953,70.625,71.70999908447266,12622000
2023-02-15,IVV,412.260009765625,415.9599914550781,411.44000244140625,415.8800048828125,2966800
2023-02-15,QQQ,304.8999938964844,309.2699890136719,304.20001220703125,309.1000061035156,43100600
2023-02-15,SPY,410.3500061035156,414.05999755859375,409.4700012207031,413.9800109863281,61555700
2023-02-15,VOO,377.1499938964844,380.5299987792969,376.3299865722656,380.4800109863281,2820200
2023-02-15,XLK,71.2750015258789,72.05000305175781,71.1050033569336,72.04499816894531,10491000
2023-02-16,IVV,410.739990234375,414.82000732421875,410.0799865722656,410.2799987792969,3347300
2023-02-16,QQQ,304.3800048828125,308.42999267578125,303.1499938964844,303.29998779296875,59498600
2023-02-16,SPY,408.7900085449219,412.9100036621094,408.1400146484375,408.2799987792969,76431500
2023-02-16,VOO,375.6600036621094,379.42999267578125,375.0899963378906,375.19000244140625,3077500
2023-02-16,XLK,71.0,71.80500030517578,70.73999786376953,70.79499816894531,13001200
2023-02-17,IVV,407.95001220703125,409.3900146484375,405.95001220703125,409.1400146484375,2039000
2023-02-17,QQQ,301.07000732421875,301.92999267578125,298.1000061035156,301.1600036621094,58230700
2023-02-17,SPY,406.05999755859375,407.510009765625,404.04998779296875,407.260009765625,89257800
2023-02-17,VOO,373.17999267578125,374.45001220703125,371.32000732421875,374.2200012207031,3285300
2023-02-17,XLK,70.29000091552734,70.37000274658203,69.30000305175781,69.91000366210938,10606600
2023-02-21,IVV,404.9200134277344,406.0,400.67999267578125,401.0299987792969,6280600
2023-02-21,QQQ,297.260009765625,298.7300109863281,293.8900146484375,294.0299987792969,46526700
2023-02-21,SPY,403.05999755859375,404.1600036621094,398.82000732421875,399.0899963378906,82655900
2023-02-21,VOO,370.3999938964844,371.3399963378906,366.4800109863281,366.7900085449219,3109200
2023-02-21,XLK,68.9749984741211,69.38999938964844,68.19000244140625,68.25,12277800
2023-02-22,IVV,401.3800048828125,402.9800109863281,398.8500061035156,400.3500061035156,4145700
2023-02-22,QQQ,294.6199951171875,296.3599853515625,292.55999755859375,294.25,51389200
2023-02-22,SPY,399.5199890136719,401.1300048828125,397.0199890136719,398.5400085449219,83742300
2023-02-22,VOO,367.17999267578125,368.6000061035156,364.8399963378906,366.3299865722656,3872000
2023-02-22,XLK,68.38999938964844,68.69999694824219,67.82499694824219,68.1500015258789,14338400
2023-02-23,IVV,403.4599914550781,404.04998779296875,398.1000061035156,402.4599914550781,4570000
2023-02-23,QQQ,297.9700012207031,298.1300048828125,292.54998779296875,296.82000732421875,69294400
2023-02-23,SPY,401.55999755859375,402.20001220703125,396.25,400.6600036621094,96242400
2023-02-23,VOO,369.07000732421875,369.57000732421875,364.1300048828125,368.1700134277344,2867200
2023-02-23,XLK,69.41999816894531,69.54000091552734,68.30500030517578,69.27999877929688,13120000
2023-02-24,IVV,397.2099914550781,399.07000732421875,395.4800109863281,398.1099853515625,4450400
2023-02-24,QQQ,291.760009765625,292.9700012207031,290.04998779296875,291.8500061035156,74332000
2023-02-24,SPY,395.4200134277344,397.25,393.6400146484375,396.3800048828125,108194400
2023-02-24,VOO,363.30999755859375,365.0299987792969,361.7300109863281,364.2300109863281,4055000
2023-02-24,XLK,68.05000305175781,68.33999633789062,67.6500015258789,68.04499816894531,14347400
2023-02-27,IVV,401.739990234375,403.1499938964844,398.6099853515625,399.5,4547700
2023-02-27,QQQ,295.07000732421875,296.489990234375,293.3399963378906,293.94000244140625,48995000
2023-02-27,SPY,399.8699951171875,401.2900085449219,396.75,397.7300109863281,80444700
2023-02-27,VOO,367.489990234375,368.7699890136719,364.5899963378906,365.489990234375,3300100
2023-02-27,XLK,68.7300033569336,69.08000183105469,68.28500366210938,68.41000366210938,9389000
2023-02-28,IVV,399.05999755859375,401.1099853515625,397.9700012207031,397.9700012207031,5191500
2023-02-28,QQQ,293.29998779296875,296.1199951171875,292.9599914550781,293.55999755859375,48243100
2023-02-28,SPY,397.2300109863281,399.2799987792969,396.1499938964844,396.260009765625,96438600
2023-02-28,VOO,365.010009765625,366.8599853515625,364.04998779296875,364.1099853515625,3022200
2023-02-28,XLK,68.19000244140625,68.91999816894531,68.06999969482422,68.26000213623047,10485800
2023-03-01,IVV,397.2200012207031,398.5,395.20001220703125,396.54998779296875,6327400
2023-03-01,QQQ,293.260009765625,293.92999267578125,290.20001220703125,291.20001220703125,58287000
2023-03-01,SPY,395.4100036621094,396.69000244140625,393.3800048828125,394.739990234375,99706800
2023-03-01,VOO,363.3399963378906,364.510009765625,361.45001220703125,362.7799987792969,3764700
2023-03-01,XLK,68.29000091552734,68.4000015258789,67.55000305175781,67.76000213623047,15069400
2023-03-02,IVV,394.5,400.5299987792969,394.20001220703125,399.6700134277344,3003000
2023-03-02,QQQ,288.6600036621094,294.42999267578125,288.3699951171875,293.6099853515625,53565900
2023-03-02,SPY,392.67999267578125,398.69000244140625,392.3299865722656,397.80999755859375,85127800
2023-03-02,VOO,360.80999755859375,366.3599853515625,360.5299987792969,365.489990234375,2727200
2023-03-02,XLK,67.57499694824219,68.80999755859375,67.45999908447266,68.59500122070312,10969400
2023-03-03,IVV,401.5799865722656,406.3399963378906,400.9100036621094,406.0799865722656,3167200
2023-03-03,QQQ,295.3900146484375,299.9200134277344,294.8699951171875,299.67999267578125,60511500
2023-03-03,SPY,399.7099914550781,404.45001220703125,399.0299987792969,404.19000244140625,90120000
2023-03-03,VOO,367.2900085449219,371.6700134277344,366.70001220703125,371.2799987792969,4913600
2023-03-03,XLK,69.03500366210938,70.07499694824219,68.97000122070312,70.06999969482422,14439600
2023-03-06,IVV,407.05999755859375,409.3800048828125,405.9599914550781,406.5400085449219,5754600
2023-03-06,QQQ,300.94000244140625,304.0,299.82000732421875,300.0199890136719,56736300
2023-03-06,SPY,405.04998779296875,407.45001220703125,404.010009765625,404.4700012207031,72795900
2023-03-06,VOO,372.260009765625,374.44000244140625,371.29998779296875,371.7300109863281,2638300
2023-03-06,XLK,70.5199966430664,71.36000061035156,70.3499984741211,70.40499877929688,15999200
2023-03-07,IVV,406.3399963378906,406.5799865722656,399.489990234375,400.1300048828125,3536200
2023-03-07,QQQ,300.07000732421875,301.010009765625,295.7200012207031,296.3399963378906,65955800
2023-03-07,SPY,404.4200134277344,404.6700134277344,397.6300048828125,398.2699890136719,108310600
2023-03-07,VOO,371.6300048828125,371.8900146484375,365.3900146484375,365.9800109863281,3546100
2023-03-07,XLK,70.3499984741211,70.62000274658203,69.3550033569336,69.52999877929688,14120000
2023-03-08,IVV,400.29998779296875,401.5899963378906,398.44000244140625,400.8299865722656,3423500
2023-03-08,QQQ,296.7699890136719,298.42999267578125,294.8800048828125,297.82000732421875,50876300
2023-03-08,SPY,398.3900146484375,399.7099914550781,396.5899963378906,398.9200134277344,74746600
2023-03-08,VOO,366.1099853515625,367.29998779296875,364.44000244140625,366.54998779296875,2906300
2023-03-08,XLK,69.7750015258789,70.19000244140625,69.36499786376953,70.1050033569336,13247000
2023-03-09,IVV,401.6300048828125,403.3299865722656,392.32000732421875,393.4100036621094,3578700
2023-03-09,QQQ,298.3299865722656,300.9800109863281,291.8299865722656,292.6600036621094,71456700
2023-03-09,SPY,399.739990234375,401.4800109863281,390.5299987792969,391.55999755859375,111945300
2023-03-09,VOO,367.3500061035156,368.8800048828125,358.8500061035156,359.8399963378906,4409600
2023-03-09,XLK,70.21499633789062,71.00499725341797,68.96499633789062,69.0999984741211,15624600
2023-03-10,IVV,392.8500061035156,394.95001220703125,386.1099853515625,387.8800048828125,6751200
2023-03-10,QQQ,292.8299865722656,294.3500061035156,287.3800048828125,288.54998779296875,98593600
2023-03-10,SPY,390.989990234375,393.1600036621094,384.32000732421875,385.9100036621094,189253000
2023-03-10,VOO,359.3299865722656,361.239990234375,353.1400146484375,354.67999267578125,8360400
2023-03-10,XLK,69.0,69.17500305175781,67.61499786376953,67.88500213623047,30556800
2023-03-13,IVV,383.5,392.04998779296875,382.3699951171875,387.07000732421875,5579100
2023-03-13,QQQ,286.7300109863281,294.4700012207031,285.19000244140625,290.69000244140625,97123600
2023-03-13,SPY,381.80999755859375,390.3900146484375,380.6499938964844,385.3599853515625,157790000
2023-03-13,VOO,350.760009765625,358.6700134277344,349.760009765625,354.0799865722656,6478700
2023-03-13,XLK,67.45999908447266,69.19999694824219,67.04000091552734,68.25499725341797,34439400
2023-03-14,IVV,392.32000732421875,395.260009765625,388.82000732421875,393.5799865722656,6004900
2023-03-14,QQQ,294.30999755859375,297.92999267578125,293.45001220703125,297.3699951171875,73602500
2023-03-14,SPY,390.5,393.45001220703125,387.04998779296875,391.7300109863281,149752400
2023-03-14,VOO,358.8800048828125,361.510009765625,355.6300048828125,359.9599914550781,4798800
2023-03-14,XLK,69.13500213623047,70.07499694824219,68.8499984741211,69.83000183105469,21202200
2023-03-15,IVV,387.5899963378906,391.20001220703125,385.45001220703125,391.1600036621094,7838400
2023-03-15,QQQ,294.7099914550781,299.2699890136719,293.239990234375,298.92999267578125,83631500
2023-03-15,SPY,385.8900146484375,389.489990234375,383.7099914550781,389.2799987792969,172996900
2023-03-15,VOO,354.4599914550781,357.8800048828125,352.57000732421875,357.739990234375,6610400
2023-03-15,XLK,69.06500244140625,69.95500183105469,68.7300033569336,69.87000274658203,23060000
2023-03-16,IVV,388.6600036621094,398.25,388.04998779296875,397.8900146484375,6535500
2023-03-16,QQQ,298.0,307.17999267578125,297.19000244140625,306.80999755859375,98198100
2023-03-16,SPY,386.82000732421875,396.4700012207031,386.2900085449219,396.1099853515625,143254200
2023-03-16,VOO,355.5400085449219,364.260009765625,354.989990234375,363.8599853515625,5016700
2023-03-16,XLK,69.625,71.93000030517578,69.3949966430664,71.83000183105469,26086800
2023-03-17,IVV,396.6000061035156,397.70001220703125,391.8599853515625,393.1700134277344,6487300
2023-03-17,QQQ,306.7200012207031,309.1499938964844,303.3699951171875,305.3599853515625,89923700
2023-03-17,SPY,393.2200012207031,394.3999938964844,388.54998779296875,389.989990234375,140553400
2023-03-17,VOO,362.760009765625,363.7900085449219,358.4200134277344,359.8800048828125,5189900
2023-03-17,XLK,71.97000122070312,72.58999633789062,71.30999755859375,71.7300033569336,23078600
2023-03-20,IVV,394.1400146484375,397.5,393.3800048828125,397.07000732421875,4602600
2023-03-20,QQQ,304.260009765625,306.29998779296875,302.010009765625,305.9700012207031,56359500
2023-03-20,SPY,390.79998779296875,394.1700134277344,390.07000732421875,393.739990234375,93055800
2023-03-20,VOO,360.4700012207031,363.5799865722656,359.82000732421875,363.1300048828125,3099800
2023-03-20,XLK,71.44499969482422,71.8550033569336,70.91000366210938,71.76499938964844,11981600
2023-03-21,IVV,400.6300048828125,402.82000732421875,398.95001220703125,402.2300109863281,8656700
2023-03-21,QQQ,307.94000244140625,310.79998779296875,306.3999938964844,310.3399963378906,49757000
2023-03-21,SPY,397.239990234375,399.4100036621094,395.5799865722656,398.9100036621094,91524200
2023-03-21,VOO,366.4200134277344,368.4100036621094,364.8800048828125,367.8800048828125,4117600
2023-03-21,XLK,72.15499877929688,72.4749984741211,71.40499877929688,72.34500122070312,13066400
2023-03-22,IVV,402.1300048828125,405.8699951171875,395.4100036621094,395.489990234375,4659900
2023-03-22,QQQ,310.2699890136719,315.25,305.95001220703125,306.1199951171875,75791900
2023-03-22,SPY,398.7300109863281,402.489990234375,392.07000732421875,392.1099853515625,111746600
2023-03-22,VOO,367.7799987792969,371.2200012207031,361.6600036621094,361.7799987792969,4094800
2023-03-22,XLK,72.34500122070312,73.78500366210938,71.58499908447266,71.625,14224400
2023-03-23,IVV,396.8900146484375,401.0199890136719,392.0799865722656,394.8399963378906,4743600
2023-03-23,QQQ,309.9200134277344,314.1499938964844,307.010009765625,309.75,74576000
2023-03-23,SPY,395.0899963378906,399.2900085449219,390.3500061035156,393.1700134277344,119351300
2023-03-23,VOO,364.4800109863281,368.2900085449219,360.1199951171875,362.6400146484375,4787200
2023-03-23,XLK,72.54000091552734,73.7750015258789,72.1050033569336,72.79000091552734,17595800
2023-03-24,IVV,393.5400085449219,397.5199890136719,391.0899963378906,397.45001220703125,4867500
2023-03-24,QQQ,309.32000732421875,310.989990234375,306.95001220703125,310.8900146484375,57195200
2023-03-24,SPY,391.8399963378906,395.8399963378906,389.3999938964844,395.75,107682400
2023-03-24,VOO,359.9800109863281,363.6300048828125,357.7200012207031,363.55999755859375,3740400
2023-03-24,XLK,72.55999755859375,73.01499938964844,72.08000183105469,72.9800033569336,11872600
2023-03-27,IVV,399.92999267578125,400.6300048828125,397.2900085449219,398.1400146484375,4509700
2023-03-27,QQQ,311.6000061035156,312.70001220703125,307.8900146484375,308.760009765625,50287400
2023-03-27,SPY,398.1199951171875,398.9200134277344,395.55999755859375,396.489990234375,74010400
2023-03-27,VOO,365.7300109863281,366.42999267578125,363.3999938964844,364.1600036621094,4144800
2023-03-27,XLK,73.08999633789062,73.33999633789062,72.24500274658203,72.41500091552734,10810600
2023-03-28,IVV,397.4700012207031,398.2099914550781,395.3999938964844,397.3999938964844,2419000
2023-03-28,QQQ,308.1700134277344,308.20001220703125,304.7699890136719,307.1199951171875,48585900
2023-03-28,SPY,395.7699890136719,396.489990234375,393.69000244140625,395.6000061035156,62871700
2023-03-28,VOO,363.5400085449219,364.20001220703125,361.67999267578125,363.5199890136719,2413700
2023-03-28,XLK,72.29000091552734,72.31500244140625,71.42500305175781,72.07499694824219,9968000
2023-03-29,IVV,401.6600036621094,403.3699951171875,400.45001220703125,403.1499938964844,4369100
2023-03-29,QQQ,310.8800048828125,313.3500061035156,310.04998779296875,312.7200012207031,53274300
2023-03-29,SPY,399.92999267578125,401.6000061035156,398.67999267578125,401.3500061035156,77497900
2023-03-29,VOO,367.3999938964844,368.94000244140625,366.2900085449219,368.69000244140625,3636100
2023-03-29,XLK,72.9800033569336,73.75,72.875,73.58499908447266,14256600
2023-03-30,IVV,405.8399963378906,406.1000061035156,403.4800109863281,405.3900146484375,4066400
2023-03-30,QQQ,315.239990234375,316.32000732421875,312.80999755859375,315.67999267578125,58354800
2023-03-30,SPY,404.0899963378906,404.3500061035156,401.760009765625,403.70001220703125,69840000
2023-03-30,VOO,371.2300109863281,371.4800109863281,369.1000061035156,370.8900146484375,3316700
2023-03-30,XLK,74.26499938964844,74.54499816894531,73.94000244140625,74.44000244140625,11202400
2023-03-31,IVV,406.4800109863281,411.44000244140625,406.3500061035156,411.0799865722656,4224500
2023-03-31,QQQ,315.9100036621094,321.1700134277344,315.6000061035156,320.92999267578125,62138100
2023-03-31,SPY,404.6600036621094,409.70001220703125,404.54998779296875,409.3900146484375,112062600
2023-03-31,VOO,371.7799987792969,376.3399963378906,371.6499938964844,376.07000732421875,4159800
2023-03-31,XLK,74.3499984741211,75.57499694824219,74.25499725341797,75.50499725341797,15069800
2023-04-03,IVV,410.7099914550781,413.1600036621094,410.20001220703125,412.5400085449219,4455300
2023-04-03,QQQ,318.7699890136719,320.4200134277344,317.4200134277344,320.1499938964844,47126800
2023-04-03,SPY,408.8500061035156,411.3699951171875,408.44000244140625,410.95001220703125,67391100
2023-04-03,VOO,375.6000061035156,377.9100036621094,375.2200012207031,377.55999755859375,3525300
2023-04-03,XLK,75.04499816894531,75.48999786376953,74.68499755859375,75.38500213623047,21142200
2023-04-04,IVV,413.4200134277344,413.69000244140625,409.0,410.42999267578125,3496500
2023-04-04,QQQ,320.6000061035156,321.6300048828125,317.8299865722656,319.07000732421875,45875400
2023-04-04,SPY,411.6199951171875,411.9200134277344,407.239990234375,408.6700134277344,66601500
2023-04-04,VOO,378.19000244140625,378.3999938964844,374.1300048828125,375.42999267578125,2713300
2023-04-04,XLK,75.49500274658203,75.75499725341797,74.69000244140625,74.97000122070312,15824800
2023-04-05,IVV,409.739990234375,410.4800109863281,407.6499938964844,409.4599914550781,3698900
2023-04-05,QQQ,318.1000061035156,319.05999755859375,314.07000732421875,315.9200134277344,62795700
2023-04-05,SPY,407.9100036621094,408.70001220703125,405.8800048828125,407.6000061035156,65200200
2023-04-05,VOO,374.7099914550781,375.4200134277344,372.8900146484375,374.5199890136719,3227700
2023-04-05,XLK,74.61499786376953,74.68499755859375,73.58000183105469,74.11499786376953,15737600
2023-04-06,IVV,408.57000732421875,411.2699890136719,407.44000244140625,411.010009765625,2975500
2023-04-06,QQQ,314.239990234375,318.54998779296875,312.82000732421875,318.04998779296875,46916500
2023-04-06,SPY,406.7699890136719,409.4800109863281,405.67999267578125,409.19000244140625,63743300
2023-04-06,VOO,373.6700134277344,376.19000244140625,372.7200012207031,375.95001220703125,3076200
2023-04-06,XLK,73.57499694824219,74.62999725341797,73.25499725341797,74.53500366210938,15696000
2023-04-10,IVV,408.3699951171875,411.5,407.760009765625,411.4800109863281,2777900
2023-04-10,QQQ,315.07000732421875,317.9200134277344,313.25,317.8699951171875,45134700
2023-04-10,SPY,406.6099853515625,409.69000244140625,405.9700012207031,409.6099853515625,63681000
2023-04-10,VOO,373.54998779296875,376.3900146484375,372.9599914550781,376.3599853515625,2671100
2023-04-10,XLK,73.79499816894531,74.51000213623047,73.38999938964844,74.49500274658203,9517200
2023-04-11,IVV,412.0199890136719,412.9700012207031,410.69000244140625,411.4700012207031,3657000
2023-04-11,QQQ,317.8299865722656,317.8900146484375,315.30999755859375,315.8299865722656,40113600
2023-04-11,SPY,410.260009765625,411.17999267578125,408.9200134277344,409.7200012207031,59297900
2023-04-11,VOO,376.8999938964844,377.760009765625,375.69000244140625,376.4100036621094,3069000
2023-04-11,XLK,74.36499786376953,74.375,73.66999816894531,73.79499816894531,12791600
2023-04-12,IVV,413.67999267578125,413.94000244140625,409.2300109863281,409.92999267578125,3959000
2023-04-12,QQQ,317.82000732421875,318.4200134277344,312.57000732421875,313.0400085449219,62813300
2023-04-12,SPY,411.8699951171875,412.1700134277344,407.44000244140625,408.04998779296875,86420400
2023-04-12,VOO,378.3999938964844,378.6199951171875,374.32000732421875,374.9100036621094,3624200
2023-04-12,XLK,74.29499816894531,74.49500274658203,73.25499725341797,73.375,13235800
2023-04-13,IVV,411.0400085449219,415.6199951171875,410.5,415.2699890136719,3570000
2023-04-13,QQQ,314.8299865722656,319.6499938964844,313.6300048828125,319.1700134277344,54613800
2023-04-13,SPY,409.17999267578125,413.8399963378906,407.989990234375,413.4700012207031,85814800
2023-04-13,VOO,375.9100036621094,380.1700134277344,375.44000244140625,379.7699890136719,2680900
2023-04-13,XLK,73.66000366210938,74.8550033569336,73.54000091552734,74.73999786376953,13641800
2023-04-14,IVV,414.6400146484375,416.8900146484375,411.8500061035156,414.25,3546700
2023-04-14,QQQ,317.5899963378906,320.3599853515625,315.6099853515625,318.57000732421875,56278300
2023-04-14,SPY,412.80999755859375,415.0899963378906,410.05999755859375,412.4599914550781,78161500
2023-04-14,VOO,379.2699890136719,381.3299865722656,376.7200012207031,378.989990234375,2981700
2023-04-14,XLK,74.31999969482422,74.93499755859375,73.67500305175781,74.32499694824219,13003600
2023-04-17,IVV,414.1400146484375,415.8500061035156,412.8800048828125,415.7799987792969,2482500
2023-04-17,QQQ,318.1499938964844,319.20001220703125,316.0400085449219,318.8399963378906,43007000
2023-04-17,SPY,412.3699951171875,413.9599914550781,411.0899963378906,413.94000244140625,66436400
2023-04-17,VOO,378.8399963378906,380.32000732421875,377.67999267578125,380.2799987792969,2721000
2023-04-17,XLK,74.41999816894531,74.76000213623047,74.01499938964844,74.59500122070312,8306000
2023-04-18,IVV,417.44000244140625,417.5199890136719,414.6000061035156,416.0199890136719,2653400
2023-04-18,QQQ,320.989990234375,321.4200134277344,317.6400146484375,318.8599853515625,46746900
2023-04-18,SPY,415.5799865722656,415.7200012207031,412.7799987792969,414.2099914550781,63560000
2023-04-18,VOO,381.8399963378906,381.9200134277344,379.239990234375,380.5400085449219,3019300
2023-04-18,XLK,75.16500091552734,75.36499786376953,74.5,74.82499694824219,9212800
2023-04-19,IVV,414.0199890136719,416.8699951171875,413.9800109863281,415.989990234375,2937000
2023-04-19,QQQ,316.4100036621094,319.7900085449219,316.2799987792969,318.7099914550781,38960100
2023-04-19,SPY,412.2200012207031,415.0799865722656,412.1600036621094,414.1400146484375,55227300
2023-04-19,VOO,378.7300109863281,381.3299865722656,378.6700134277344,380.5199890136719,2671300
2023-04-19,XLK,74.1500015258789,74.75,74.05000305175781,74.61000061035156,8623200
2023-04-20,IVV,412.9599914550781,415.5,412.07000732421875,413.6600036621094,3279800
2023-04-20,QQQ,315.69000244140625,319.2699890136719,314.9700012207031,316.2799987792969,62462100
2023-04-20,SPY,411.2099914550781,413.70001220703125,410.2699890136719,411.8800048828125,75840400
2023-04-20,VOO,377.7799987792969,380.07000732421875,376.94000244140625,378.3699951171875,2953200
2023-04-20,XLK,73.92500305175781,74.8550033569336,73.79000091552734,74.12000274658203,11416200
2023-04-21,IVV,413.989990234375,414.4599914550781,412.0,413.8900146484375,3384000
2023-04-21,QQQ,315.9100036621094,317.3999938964844,314.1000061035156,316.6099853515625,59002300
2023-04-21,SPY,412.19000244140625,412.67999267578125,410.1700134277344,412.20001220703125,73457400
2023-04-21,VOO,378.67999267578125,379.1000061035156,376.82000732421875,378.5899963378906,2762300
2023-04-21,XLK,73.79499816894531,74.01499938964844,73.4000015258789,73.87999725341797,12237600
2023-04-24,IVV,413.75,414.8500061035156,412.3900146484375,414.4100036621094,3398500
2023-04-24,QQQ,316.3800048828125,317.739990234375,313.739990234375,315.95001220703125,44043100
2023-04-24,SPY,411.989990234375,413.07000732421875,410.6000061035156,412.6300048828125,64332100
2023-04-24,VOO,378.4800109863281,379.4700012207031,377.2300109863281,379.0899963378906,2310400
2023-04-24,XLK,73.58499908447266,73.94499969482422,73.00499725341797,73.55500030517578,9079800
2023-04-25,IVV,412.3399963378906,412.8900146484375,407.7900085449219,407.8299865722656,3686800
2023-04-25,QQQ,314.2900085449219,314.9700012207031,309.8900146484375,309.989990234375,57121600
2023-04-25,SPY,410.5799865722656,411.1600036621094,406.0199890136719,406.0799865722656,97766700
2023-04-25,VOO,377.17999267578125,377.70001220703125,373.0199890136719,373.1000061035156,3795400
2023-04-25,XLK,73.19499969482422,73.33499908447266,71.95999908447266,71.98500061035156,11022600
2023-04-26,IVV,408.4700012207031,409.5899963378906,405.5400085449219,406.1700134277344,5637900
2023-04-26,QQQ,313.44000244140625,314.94000244140625,311.3399963378906,311.8699951171875,55400500
2023-04-26,SPY,406.7200012207031,407.8399963378906,403.7799987792969,404.3599853515625,80447000
2023-04-26,VOO,373.6600036621094,374.67999267578125,370.9800109863281,371.44000244140625,3766900
2023-04-26,XLK,73.25,73.80999755859375,72.87999725341797,73.05500030517578,13603400
2023-04-27,IVV,408.75,414.489990234375,408.54998779296875,414.2300109863281,4156100
2023-04-27,QQQ,315.70001220703125,320.8599853515625,315.04998779296875,320.3500061035156,65430400
2023-04-27,SPY,407.0,412.69000244140625,406.739990234375,412.4100036621094,92968400
2023-04-27,VOO,373.8900146484375,379.1300048828125,373.6700134277344,378.80999755859375,4302400
2023-04-27,XLK,73.4000015258789,74.66000366210938,73.22000122070312,74.6050033569336,12084800
2023-04-28,IVV,413.2699890136719,417.739990234375,413.2300109863281,417.6600036621094,3871000
2023-04-28,QQQ,320.1099853515625,322.6499938964844,318.9599914550781,322.55999755859375,59712600
2023-04-28,SPY,411.489990234375,415.94000244140625,411.42999267578125,415.92999267578125,89433100
2023-04-28,VOO,378.0400085449219,382.1199951171875,378.0,382.04998779296875,3386900
2023-04-28,XLK,74.6050033569336,75.43000030517578,74.5250015258789,75.41500091552734,11792000
2023-05-01,IVV,417.2900085449219,419.4200134277344,417.1000061035156,417.3599853515625,2813100
2023-05-01,QQQ,322.0899963378906,323.6300048828125,321.0899963378906,322.19000244140625,41013400
2023-05-01,SPY,415.4700012207031,417.6199951171875,415.2699890136719,415.510009765625,62122300
2023-05-01,VOO,381.7300109863281,383.6400146484375,381.5199890136719,381.7900085449219,3069300
2023-05-01,XLK,75.3550033569336,75.82499694824219,75.23500061035156,75.45999908447266,8194400
2023-05-02,IVV,416.5400085449219,416.6400146484375,409.5899963378906,412.69000244140625,4604700
2023-05-02,QQQ,322.1199951171875,322.45001220703125,317.6099853515625,319.3800048828125,56519400
2023-05-02,SPY,414.7699890136719,414.82000732421875,407.82000732421875,410.8399963378906,103998500
2023-05-02,VOO,381.05999755859375,381.1099853515625,374.6700134277344,377.510009765625,4311600
2023-05-02,XLK,75.55000305175781,75.63500213623047,74.36499786376953,74.75499725341797,12058800
2023-05-03,IVV,413.17999267578125,415.6400146484375,409.55999755859375,409.7200012207031,3746400
2023-05-03,QQQ,319.75,322.4700012207031,317.17999267578125,317.2900085449219,59882100
2023-05-03,SPY,411.3599853515625,413.8699951171875,407.7699890136719,408.0199890136719,91531800
2023-05-03,VOO,377.9100036621094,380.20001220703125,374.6000061035156,374.8800048828125,5513000
2023-05-03,XLK,74.84500122070312,75.33000183105469,74.08999633789062,74.125,11630200
2023-05-04,IVV,408.6499938964844,409.0299987792969,405.5400085449219,406.8599853515625,4185900
2023-05-04,QQQ,317.05999755859375,318.2300109863281,315.1199951171875,316.1700134277344,50224500
2023-05-04,SPY,406.92999267578125,407.2699890136719,403.739990234375,405.1300048828125,94901900
2023-05-04,VOO,373.8399963378906,374.1099853515625,370.9200134277344,372.1400146484375,4421500
2023-05-04,XLK,73.83000183105469,74.2699966430664,73.46499633789062,73.7699966430664,10861000
2023-05-05,IVV,410.67999267578125,415.5299987792969,410.42999267578125,414.29998779296875,2992900
2023-05-05,QQQ,318.4700012207031,323.760009765625,316.2099914550781,322.8900146484375,51806100
2023-05-05,SPY,408.9100036621094,413.7200012207031,408.6400146484375,412.6300048828125,87891800
2023-05-05,VOO,375.739990234375,380.0899963378906,375.42999267578125,378.9700012207031,3139400
2023-05-05,XLK,74.48500061035156,75.875,74.37999725341797,75.62000274658203,12230000
2023-05-08,IVV,414.7799987792969,415.05999755859375,413.1000061035156,414.5199890136719,2955600
2023-05-08,QQQ,322.4200134277344,324.0400085449219,321.32000732421875,323.69000244140625,36465800
2023-05-08,SPY,412.9700012207031,413.239990234375,411.2799987792969,412.739990234375,50046800
2023-05-08,VOO,379.4100036621094,379.6199951171875,377.8800048828125,379.17999267578125,2957600
2023-05-08,XLK,75.4749984741211,75.6449966430664,75.11499786376953,75.58000183105469,6795600
2023-05-09,IVV,412.9200134277344,413.8800048828125,412.4800109863281,412.8299865722656,2571900
2023-05-09,QQQ,322.0,322.8800048828125,321.32000732421875,321.6400146484375,31768800
2023-05-09,SPY,411.1300048828125,412.0899963378906,410.69000244140625,410.92999267578125,49220100
2023-05-09,VOO,377.7099914550781,378.5799865722656,377.3299865722656,377.5400085449219,2271000
2023-05-09,XLK,75.16500091552734,75.30500030517578,74.91999816894531,75.0,12473200
2023-05-10,IVV,415.70001220703125,416.3399963378906,410.6700134277344,414.57000732421875,3186100
2023-05-10,QQQ,324.1199951171875,326.010009765625,321.6000061035156,325.1400146484375,60446600
2023-05-10,SPY,413.8800048828125,414.5400085449219,408.8699951171875,412.8500061035156,96142900
2023-05-10,VOO,380.2799987792969,380.8299865722656,375.6400146484375,379.19000244140625,3512900
2023-05-10,XLK,75.65499877929688,76.08999633789062,75.18000030517578,75.91500091552734,10551800
2023-05-11,IVV,413.739990234375,414.2099914550781,411.75,413.95001220703125,2509600
2023-05-11,QQQ,325.70001220703125,326.75,324.1199951171875,326.20001220703125,44278500
2023-05-11,SPY,411.95001220703125,412.42999267578125,409.9700012207031,412.1300048828125,70157100
2023-05-11,VOO,378.4700012207031,378.8800048828125,376.6700134277344,378.6600036621094,2676600
2023-05-11,XLK,75.79000091552734,75.79000091552734,75.05000305175781,75.57499694824219,8956800
2023-05-12,IVV,415.2699890136719,415.3699951171875,410.8699951171875,413.4100036621094,2281600
2023-05-12,QQQ,326.739990234375,327.1700134277344,322.94000244140625,325.0299987792969,48432800
2023-05-12,SPY,413.4200134277344,413.6400146484375,409.07000732421875,411.5899963378906,70481500
2023-05-12,VOO,379.8500061035156,380.010009765625,375.8399963378906,378.1499938964844,2531000
2023-05-12,XLK,75.70500183105469,75.81500244140625,74.88999938964844,75.4749984741211,7908000
2023-05-15,IVV,414.1099853515625,415.2300109863281,412.04998779296875,414.7799987792969,1934200
2023-05-15,QQQ,325.510009765625,327.0299987792969,323.9599914550781,326.7900085449219,33375600
2023-05-15,SPY,412.2200012207031,413.42999267578125,410.2300109863281,413.010009765625,54289400
2023-05-15,VOO,378.739990234375,379.8399963378906,376.9100036621094,379.4599914550781,3882600
2023-05-15,XLK,75.55000305175781,76.11499786376953,75.27999877929688,76.0999984741211,6796600
2023-05-16,IVV,413.70001220703125,414.6199951171875,412.010009765625,412.010009765625,3432000
2023-05-16,QQQ,326.05999755859375,328.8999938964844,326.0199890136719,327.1600036621094,40019200
2023-05-16,SPY,411.8599853515625,412.82000732421875,410.239990234375,410.25,57705500
2023-05-16,VOO,378.3900146484375,379.2799987792969,376.9100036621094,376.95001220703125,2275300
2023-05-16,XLK,75.99500274658203,76.59500122070312,75.97000122070312,76.18000030517578,9398200
2023-05-17,IVV,414.20001220703125,417.6700134277344,412.42999267578125,417.010009765625,3131300
2023-05-17,QQQ,328.239990234375,331.7099914550781,327.0400085449219,331.1199951171875,47486100
2023-05-17,SPY,412.3500061035156,415.8599853515625,410.6400146484375,415.2300109863281,87287000
2023-05-17,VOO,378.8500061035156,382.0899963378906,377.2799987792969,381.45001220703125,3222600
2023-05-17,XLK,76.5,77.32499694824219,76.1449966430664,77.19499969482422,11916600
2023-05-18,IVV,416.79998779296875,421.5199890136719,416.5,421.04998779296875,3087100
2023-05-18,QQQ,331.5199890136719,337.489990234375,331.5,337.2699890136719,64213500
2023-05-18,SPY,414.8999938964844,419.6700134277344,414.6700134277344,419.2300109863281,97177200
2023-05-18,VOO,381.260009765625,385.57000732421875,381.0,385.17999267578125,3340600
2023-05-18,XLK,77.29000091552734,78.88999938964844,77.29000091552734,78.7750015258789,15491200
2023-05-19,IVV,422.0199890136719,422.5899963378906,419.2099914550781,420.44000244140625,3873100
2023-05-19,QQQ,337.489990234375,338.2099914550781,335.42999267578125,336.510009765625,61554900
2023-05-19,SPY,420.1700134277344,420.7200012207031,417.3500061035156,418.6199951171875,103793300
2023-05-19,VOO,386.0199890136719,386.5400085449219,383.44000244140625,384.57000732421875,3649000
2023-05-19,XLK,78.79499816894531,78.93000030517578,78.47000122070312,78.73999786376953,9805000
2023-05-22,IVV,420.510009765625,422.260009765625,419.2099914550781,420.55999755859375,3076600
2023-05-22,QQQ,336.25,338.6700134277344,336.239990234375,337.6400146484375,43015900
2023-05-22,SPY,418.6400146484375,420.3900146484375,417.3500061035156,418.7900085449219,60745400
2023-05-22,VOO,384.6600036621094,386.2300109863281,383.4700012207031,384.7799987792969,2784000
2023-05-22,XLK,78.50499725341797,79.09500122070312,78.375,78.88999938964844,10794200
2023-05-23,IVV,418.92999267578125,419.8800048828125,415.510009765625,415.9599914550781,3221000
2023-05-23,QQQ,335.8900146484375,337.05999755859375,333.0,333.3599853515625,48216700
2023-05-23,SPY,417.0799865722656,418.7200012207031,413.67999267578125,414.0899963378906,86383500
2023-05-23,VOO,383.19000244140625,384.1099853515625,380.0799865722656,380.4800109863281,2887300
2023-05-23,XLK,78.49500274658203,78.81999969482422,77.69499969482422,77.7249984741211,11691000
2023-05-24,IVV,414.239990234375,414.5899963378906,411.6700134277344,412.8399963378906,3633800
2023-05-24,QQQ,331.3699951171875,332.9100036621094,329.55999755859375,331.6499938964844,62891200
2023-05-24,SPY,412.4200134277344,412.82000732421875,409.8800048828125,411.0899963378906,89213700
2023-05-24,VOO,378.9100036621094,379.25,376.57000732421875,377.6300048828125,3611600
2023-05-24,XLK,77.11000061035156,77.46499633789062,76.73500061035156,77.15499877929688,10925600
2023-05-25,IVV,416.55999755859375,417.9700012207031,414.2099914550781,416.4800109863281,3487800
2023-05-25,QQQ,339.1400146484375,341.010009765625,336.6700134277344,339.7200012207031,66862800
2023-05-25,SPY,414.739990234375,416.1600036621094,412.4100036621094,414.6499938964844,90961600
2023-05-25,VOO,380.989990234375,382.2799987792969,378.9200134277344,380.9200134277344,3315900
2023-05-25,XLK,79.20500183105469,80.43000030517578,78.79000091552734,80.11499786376953,18078000
2023-05-26,IVV,417.17999267578125,422.6300048828125,417.0899963378906,421.95001220703125,5531300
2023-05-26,QQQ,340.760009765625,349.25,340.6600036621094,348.3999938964844,63007000
2023-05-26,SPY,415.3299865722656,420.7699890136719,415.25,420.0199890136719,93830000
2023-05-26,VOO,381.6400146484375,386.57000732421875,381.5400085449219,385.8699951171875,3042800
2023-05-26,XLK,80.31999969482422,82.53500366210938,80.30999755859375,82.38999938964844,15160000
2023-05-30,IVV,423.9100036621094,424.42999267578125,420.6199951171875,422.0299987792969,3239600
2023-05-30,QQQ,352.7099914550781,353.92999267578125,348.5299987792969,349.9800109863281,72652200
2023-05-30,SPY,422.0299987792969,422.5799865722656,418.739990234375,420.17999267578125,72216000
2023-05-30,VOO,387.760009765625,388.260009765625,384.760009765625,385.989990234375,3968500
2023-05-30,XLK,83.5999984741211,84.0199966430664,82.65499877929688,82.83000183105469,18123600
2023-05-31,IVV,420.1099853515625,421.07000732421875,418.07000732421875,419.42999267578125,4479600
2023-05-31,QQQ,348.3699951171875,350.6000061035156,346.510009765625,347.989990234375,65105400
2023-05-31,SPY,418.2799987792969,419.2200012207031,416.2200012207031,417.8500061035156,110811800
2023-05-31,VOO,384.30999755859375,385.1600036621094,382.4200134277344,383.8900146484375,4205300
2023-05-31,XLK,82.3550033569336,83.12999725341797,82.09500122070312,82.13999938964844,19301000
2023-06-01,IVV,419.9599914550781,424.79998779296875,418.70001220703125,423.75,3786300
2023-06-01,QQQ,347.7300109863281,353.3599853515625,346.6600036621094,352.010009765625,50488600
2023-06-01,SPY,418.0899963378906,422.9200134277344,416.7900085449219,421.82000732421875,88865000
2023-06-01,VOO,384.20001220703125,388.57000732421875,382.9700012207031,387.57000732421875,3563600
2023-06-01,XLK,81.87999725341797,83.32499694824219,81.61499786376953,82.9749984741211,17419400
2023-06-02,IVV,426.3699951171875,430.6700134277344,425.8800048828125,429.7900085449219,4525700
2023-06-02,QQQ,353.79998779296875,355.8299865722656,352.010009765625,354.6499938964844,53372100
2023-06-02,SPY,424.5,428.739990234375,423.95001220703125,427.9200134277344,91426200
2023-06-02,VOO,390.0799865722656,393.9599914550781,389.5400085449219,393.260009765625,7368900
2023-06-02,XLK,83.46499633789062,83.83499908447266,82.86000061035156,83.44999694824219,14270600
2023-06-05,IVV,430.2200012207031,431.57000732421875,428.29998779296875,429.04998779296875,4318300
2023-06-05,QQQ,354.42999267578125,357.5,353.8500061035156,354.8999938964844,47266200
2023-06-05,SPY,428.2799987792969,429.6199951171875,426.3699951171875,427.1000061035156,65460200
2023-06-05,VOO,393.5400085449219,394.7699890136719,391.7900085449219,392.5,3481200
2023-06-05,XLK,83.4000015258789,83.95500183105469,82.82499694824219,82.97000122070312,10909000
2023-06-06,IVV,428.5899963378906,430.5,427.9200134277344,429.9599914550781,3539900
2023-06-06,QQQ,354.2799987792969,355.82000732421875,352.92999267578125,354.8399963378906,41390400
2023-06-06,SPY,426.6700134277344,428.5799865722656,425.989990234375,428.0299987792969,64022200
2023-06-06,VOO,392.04998779296875,393.7900085449219,391.4100036621094,393.30999755859375,2894700
2023-06-06,XLK,82.7699966430664,83.12999725341797,82.3550033569336,82.94999694824219,9975600
2023-06-07,IVV,429.0199890136719,430.2099914550781,426.70001220703125,427.2099914550781,4047400
2023-06-07,QQQ,355.1300048828125,357.1199951171875,348.17999267578125,348.82000732421875,69225900
2023-06-07,SPY,428.44000244140625,429.6199951171875,426.1099853515625,426.54998779296875,85373300
2023-06-07,VOO,393.6700134277344,394.760009765625,391.5400085449219,392.0199890136719,3942900
2023-06-07,XLK,82.79000091552734,83.43499755859375,81.54000091552734,81.70999908447266,13703800
2023-06-08,IVV,427.1400146484375,430.20001220703125,426.42999267578125,429.67999267578125,3472100
2023-06-08,QQQ,349.1199951171875,353.6199951171875,348.8900146484375,353.1499938964844,47153900
2023-06-08,SPY,426.6199951171875,429.6000061035156,425.82000732421875,429.1300048828125,61952800
2023-06-08,VOO,391.9599914550781,394.7300109863281,391.2900085449219,394.3699951171875,3455400
2023-06-08,XLK,81.83000183105469,82.7249984741211,81.7699966430664,82.59500122070312,10665200
2023-06-09,IVV,430.5400085449219,432.6000061035156,429.4800109863281,430.5400085449219,4140600
2023-06-09,QQQ,354.6300048828125,357.6600036621094,353.0299987792969,354.5,53196900
2023-06-09,SPY,429.9599914550781,431.989990234375,428.8699951171875,429.8999938964844,85742800
2023-06-09,VOO,395.04998779296875,396.92999267578125,394.0799865722656,395.0299987792969,3060100
2023-06-09,XLK,82.99500274658203,83.8550033569336,82.7249984741211,83.00499725341797,14413600
2023-06-12,IVV,431.489990234375,434.489990234375,430.7699890136719,434.45001220703125,4287900
2023-06-12,QQQ,356.19000244140625,360.5899963378906,355.20001220703125,360.489990234375,44606500
2023-06-12,SPY,430.9200134277344,433.8800048828125,430.1700134277344,433.79998779296875,76104300
2023-06-12,VOO,395.9800109863281,398.69000244140625,395.29998779296875,398.6600036621094,3792700
2023-06-12,XLK,83.57499694824219,84.84500122070312,83.40499877929688,84.80999755859375,13787200
2023-06-13,IVV,435.9700012207031,437.9800109863281,435.260009765625,437.2900085449219,5444500
2023-06-13,QQQ,363.2900085449219,364.1099853515625,360.0299987792969,363.260009765625,57097800
2023-06-13,SPY,435.32000732421875,437.3299865722656,434.6300048828125,436.6600036621094,95899700
2023-06-13,VOO,400.0199890136719,401.8500061035156,399.3999938964844,401.2900085449219,3913100
2023-06-13,XLK,85.56500244140625,85.7300033569336,84.63500213623047,85.32499694824219,16595800
2023-06-14,IVV,437.6499938964844,439.7200012207031,434.239990234375,437.79998779296875,5958000
2023-06-14,QQQ,363.2699890136719,366.19000244140625,360.4200134277344,365.8999938964844,69525600
2023-06-14,SPY,437.010009765625,439.05999755859375,433.5899963378906,437.17999267578125,100612100
2023-06-14,VOO,401.6099853515625,403.44000244140625,398.4599914550781,401.6000061035156,5161300
2023-06-14,XLK,85.2249984741211,86.23500061035156,84.93000030517578,86.20500183105469,16769000
2023-06-15,IVV,437.010009765625,444.57000732421875,436.8699951171875,443.2099914550781,5928700
2023-06-15,QQQ,364.6099853515625,371.7699890136719,363.9800109863281,370.260009765625,71138800
2023-06-15,SPY,436.3299865722656,443.8999938964844,436.2300109863281,442.6000061035156,110303100
2023-06-15,VOO,401.0,407.92999267578125,400.8900146484375,406.75,5285000
2023-06-15,XLK,85.8550033569336,87.70500183105469,85.83499908447266,87.31500244140625,17732600
2023-06-16,IVV,445.3900146484375,445.4800109863281,441.25,441.6300048828125,6474300
2023-06-16,QQQ,372.7200012207031,372.8500061035156,367.4800109863281,367.92999267578125,80932000
2023-06-16,SPY,443.0199890136719,443.6099853515625,438.9700012207031,439.4599914550781,114165800
2023-06-16,VOO,408.69000244140625,408.760009765625,404.8900146484375,405.25,5141900
2023-06-16,XLK,88.1449966430664,88.1500015258789,86.51000213623047,86.59500122070312,17366600
2023-06-20,IVV,439.7200012207031,441.5299987792969,437.29998779296875,439.5400085449219,4505800
2023-06-20,QQQ,365.95001220703125,368.32000732421875,363.8900146484375,366.8999938964844,49204700
2023-06-20,SPY,437.45001220703125,438.3699951171875,435.0299987792969,437.17999267578125,76160400
2023-06-20,VOO,403.489990234375,404.32000732421875,401.260009765625,403.3800048828125,4242900
2023-06-20,XLK,85.91999816894531,86.44999694824219,85.37000274658203,85.83000183105469,14137800
2023-06-21,IVV,438.44000244140625,439.4700012207031,436.6400146484375,437.2200012207031,4067600
2023-06-21,QQQ,365.739990234375,366.17999267578125,360.9599914550781,361.8999938964844,53378300
2023-06-21,SPY,436.1600036621094,436.989990234375,434.3299865722656,434.94000244140625,76982300
2023-06-21,VOO,402.30999755859375,403.05999755859375,400.6700134277344,401.1700134277344,3423500
2023-06-21,XLK,85.5,85.66500091552734,84.30999755859375,84.55999755859375,12058000
2023-06-22,IVV,436.25,438.8999938964844,435.8599853515625,438.79998779296875,2511300
2023-06-22,QQQ,360.6300048828125,366.3299865722656,360.2200012207031,366.1700134277344,47603000
2023-06-22,SPY,433.95001220703125,436.6199951171875,433.6000061035156,436.510009765625,70637200
2023-06-22,VOO,400.2799987792969,402.7200012207031,399.95001220703125,402.6300048828125,3141000
2023-06-22,XLK,84.18000030517578,85.28500366210938,84.16500091552734,85.25,15224200
2023-06-23,IVV,435.19000244140625,437.3500061035156,434.75,435.4599914550781,2651400
2023-06-23,QQQ,362.2099914550781,364.8800048828125,360.82000732421875,362.5400085449219,48922900
2023-06-23,SPY,432.92999267578125,435.05999755859375,432.4700012207031,433.2099914550781,92074500
2023-06-23,VOO,399.3299865722656,401.2799987792969,398.92999267578125,399.6099853515625,4215300
2023-06-23,XLK,84.19999694824219,84.82499694824219,83.97000122070312,84.32499694824219,14729000
2023-06-26,IVV,434.8900146484375,436.8599853515625,433.44000244140625,433.6199951171875,4936600
2023-06-26,QQQ,362.0,364.8399963378906,357.5899963378906,357.67999267578125,52685500
2023-06-26,SPY,432.6199951171875,434.6099853515625,431.19000244140625,431.44000244140625,72823600
2023-06-26,VOO,399.0400085449219,400.8599853515625,397.7300109863281,397.9599914550781,3250700
2023-06-26,XLK,84.4000015258789,85.13999938964844,83.66000366210938,83.72000122070312,10890200
2023-06-27,IVV,434.6400146484375,439.0799865722656,433.5199890136719,438.4200134277344,5254400
2023-06-27,QQQ,359.25,364.57000732421875,358.510009765625,363.8299865722656,49428100
2023-06-27,SPY,432.3500061035156,436.80999755859375,431.8800048828125,436.1700134277344,72813700
2023-06-27,VOO,398.79998779296875,402.92999267578125,398.3900146484375,402.3699951171875,4302400
2023-06-27,XLK,84.05500030517578,85.56500244140625,83.9749984741211,85.37000274658203,13833000
2023-06-28,IVV,437.3500061035156,439.75,436.70001220703125,438.55999755859375,3445600
2023-06-28,QQQ,361.9800109863281,366.5199890136719,361.8999938964844,364.5400085449219,46498000
2023-06-28,SPY,435.04998779296875,437.44000244140625,434.4100036621094,436.3900146484375,75636000
2023-06-28,VOO,401.3500061035156,403.489990234375,400.7099914550781,402.54998779296875,4320700
2023-06-28,XLK,84.8949966430664,85.87999725341797,84.83000183105469,85.41999816894531,11371600
2023-06-29,IVV,438.2200012207031,440.5899963378906,437.8800048828125,440.30999755859375,3389400
2023-06-29,QQQ,364.239990234375,364.8900146484375,362.1400146484375,363.80999755859375,46151000
2023-06-29,SPY,435.9599914550781,438.2799987792969,435.5400085449219,438.1099853515625,67882300
2023-06-29,VOO,400.6000061035156,402.6700134277344,400.19000244140625,402.510009765625,3914800
2023-06-29,XLK,85.51000213623047,85.7249984741211,85.05500030517578,85.56999969482422,9128200
2023-06-30,IVV,443.75,446.6199951171875,443.45001220703125,445.7099914550781,5137700
2023-06-30,QQQ,367.54998779296875,370.489990234375,367.2300109863281,369.4200134277344,58712500
2023-06-30,SPY,441.44000244140625,444.29998779296875,441.1099853515625,443.2799987792969,104964000
2023-06-30,VOO,405.3999938964844,408.2200012207031,405.2900085449219,407.2799987792969,5173700
2023-06-30,XLK,86.41999816894531,87.1500015258789,86.3550033569336,86.93000030517578,11398400
2023-07-03,IVV,445.2300109863281,446.42999267578125,444.9599914550781,446.3500061035156,1928100
2023-07-03,QQQ,370.07000732421875,370.92999267578125,368.9700012207031,370.2900085449219,19432900
2023-07-03,SPY,442.9200134277344,444.0799865722656,442.6300048828125,443.7900085449219,32793400
2023-07-03,VOO,406.9200134277344,408.05999755859375,406.67999267578125,408.05999755859375,2372000
2023-07-03,XLK,86.91500091552734,86.95500183105469,86.30500030517578,86.74500274658203,6182200
2023-07-05,IVV,444.19000244140625,446.3599853515625,444.19000244140625,445.5799865722656,6217000
2023-07-05,QQQ,368.70001220703125,372.010009765625,368.6600036621094,370.2799987792969,34460900
2023-07-05,SPY,441.9100036621094,443.8900146484375,441.8999938964844,443.1300048828125,58418400
2023-07-05,VOO,406.010009765625,407.8399963378906,406.010009765625,407.1499938964844,4230100
2023-07-05,XLK,86.13999938964844,86.8550033569336,86.06500244140625,86.20999908447266,9395600
2023-07-06,IVV,441.79998779296875,442.3999938964844,439.3500061035156,441.92999267578125,3248800
2023-07-06,QQQ,366.510009765625,367.9100036621094,364.5199890136719,367.4599914550781,49374700
2023-07-06,SPY,439.4200134277344,440.1000061035156,437.05999755859375,439.6600036621094,80658300
2023-07-06,VOO,403.7799987792969,404.3500061035156,401.55999755859375,403.8299865722656,6040300
2023-07-06,XLK,85.36000061035156,86.05999755859375,85.0999984741211,85.9800033569336,12116400
2023-07-07,IVV,440.94000244140625,444.9599914550781,440.5899963378906,440.79998779296875,3441700
2023-07-07,QQQ,367.2300109863281,370.4800109863281,366.010009765625,366.239990234375,47133700
2023-07-07,SPY,438.6300048828125,442.6400146484375,438.29998779296875,438.54998779296875,86134200
2023-07-07,VOO,403.0299987792969,406.67999267578125,402.7099914550781,402.8900146484375,3673200
2023-07-07,XLK,85.83999633789062,86.63999938964844,85.55500030517578,85.6050033569336,11622200
2023-07-10,IVV,440.4800109863281,442.1400146484375,439.8800048828125,441.9700012207031,2526300
2023-07-10,QQQ,365.9599914550781,367.04998779296875,363.4100036621094,366.3599853515625,48498800
2023-07-10,SPY,438.17999267578125,439.8399963378906,437.5899963378906,439.6600036621094,62443500
2023-07-10,VOO,402.6300048828125,404.1099853515625,402.05999755859375,403.9700012207031,3362300
2023-07-10,XLK,85.29499816894531,85.83499908447266,84.97000122070312,85.83000183105469,16877200
2023-07-11,IVV,442.7799987792969,445.29998779296875,441.75,444.94000244140625,4775400
2023-07-11,QQQ,366.7900085449219,368.6300048828125,364.6199951171875,368.1700134277344,38214100
2023-07-11,SPY,440.45001220703125,442.9700012207031,439.44000244140625,442.4599914550781,64463800
2023-07-11,VOO,404.7699890136719,407.0,403.7699890136719,406.55999755859375,3177800
2023-07-11,XLK,86.01000213623047,86.11000061035156,85.17500305175781,86.01499938964844,9996000
2023-07-12,IVV,448.80999755859375,449.8299865722656,447.2799987792969,448.2799987792969,4714000
2023-07-12,QQQ,372.3399963378906,374.19000244140625,370.29998779296875,372.82000732421875,61975400
2023-07-12,SPY,446.3900146484375,447.4800109863281,444.9100036621094,446.0199890136719,91924500
2023-07-12,VOO,410.19000244140625,411.1300048828125,408.7900085449219,409.760009765625,4246400
2023-07-12,XLK,86.875,87.4000015258789,86.4000015258789,86.98999786376953,16104400
2023-07-13,IVV,450.25,452.7799987792969,449.80999755859375,452.1000061035156,4179500
2023-07-13,QQQ,376.04998779296875,379.989990234375,375.4599914550781,379.1499938964844,46960000
2023-07-13,SPY,447.8999938964844,450.3800048828125,447.45001220703125,449.55999755859375,72425200
2023-07-13,VOO,411.5400085449219,413.80999755859375,411.1300048828125,413.1000061035156,3273400
2023-07-13,XLK,87.58499908447266,88.31500244140625,87.41000366210938,88.125,9349200
2023-07-14,IVV,452.8999938964844,453.75,450.9700012207031,451.6499938964844,3437800
2023-07-14,QQQ,379.5899963378906,382.8599853515625,378.17999267578125,379.07000732421875,55148500
2023-07-14,SPY,450.4800109863281,451.3599853515625,448.489990234375,449.2799987792969,69815800
2023-07-14,VOO,413.94000244140625,414.7099914550781,412.0799865722656,412.7699890136719,3680900
2023-07-14,XLK,88.34500122070312,89.03500366210938,87.73999786376953,87.99500274658203,11543800
2023-07-17,IVV,451.4700012207031,454.3299865722656,451.45001220703125,453.3299865722656,4499600
2023-07-17,QQQ,379.79998779296875,383.5,379.30999755859375,382.6099853515625,40868900
2023-07-17,SPY,449.1300048828125,451.92999267578125,449.0799865722656,450.8399963378906,52680200
2023-07-17,VOO,412.6499938964844,415.25,412.6300048828125,414.2099914550781,2963700
2023-07-17,XLK,88.16000366210938,89.37999725341797,88.05999755859375,89.12000274658203,11858800
2023-07-18,IVV,452.8500061035156,457.2900085449219,452.44000244140625,456.6199951171875,6453300
2023-07-18,QQQ,381.9599914550781,387.1300048828125,380.0,385.739990234375,55262000
2023-07-18,SPY,450.5,454.8599853515625,450.04998779296875,454.19000244140625,80668200
2023-07-18,VOO,413.9100036621094,417.92999267578125,413.5400085449219,417.3500061035156,3594000
2023-07-18,XLK,88.91500091552734,90.56500244140625,88.44999694824219,90.12999725341797,16406000
2023-07-19,IVV,457.45001220703125,458.82000732421875,456.7900085449219,457.4599914550781,3182200
2023-07-19,QQQ,386.82000732421875,387.9800109863281,384.29998779296875,385.6499938964844,54093000
2023-07-19,SPY,455.010009765625,456.42999267578125,454.1099853515625,455.20001220703125,65891700
2023-07-19,VOO,418.07000732421875,419.3699951171875,417.489990234375,418.25,3494900
2023-07-19,XLK,90.3550033569336,90.7300033569336,89.55999755859375,89.90499877929688,20990000
2023-07-20,IVV,456.5799865722656,457.489990234375,453.8599853515625,454.6099853515625,10647100
2023-07-20,QQQ,382.6099853515625,384.1000061035156,375.7200012207031,376.760009765625,71941700
2023-07-20,SPY,454.1700134277344,455.1000061035156,451.44000244140625,452.17999267578125,70591600
2023-07-20,VOO,417.29998779296875,418.1600036621094,414.82000732421875,415.5199890136719,4085000
2023-07-20,XLK,89.33000183105469,89.70999908447266,87.83499908447266,88.11000061035156,24356000
2023-07-21,IVV,456.3699951171875,456.5799865722656,454.5799865722656,454.6000061035156,3502300
2023-07-21,QQQ,379.17999267578125,379.9200134277344,375.19000244140625,375.6300048828125,60499600
2023-07-21,SPY,453.9599914550781,454.1700134277344,452.1700134277344,452.17999267578125,71275600
2023-07-21,VOO,417.1099853515625,417.29998779296875,415.4800109863281,415.57000732421875,3176700
2023-07-21,XLK,88.66999816894531,89.11499786376953,87.95999908447266,88.06500244140625,14871400
2023-07-24,IVV,455.7799987792969,457.44000244140625,455.1600036621094,456.6099853515625,2631900
2023-07-24,QQQ,376.6199951171875,377.5799865722656,374.3399963378906,376.2300109863281,40380100
2023-07-24,SPY,453.3699951171875,455.0400085449219,452.29998779296875,454.20001220703125,54023400
2023-07-24,VOO,416.5799865722656,418.1000061035156,416.0199890136719,417.3299865722656,3471100
2023-07-24,XLK,88.45500183105469,88.66999816894531,87.87999725341797,88.22000122070312,11308200
2023-07-25,IVV,456.32000732421875,459.1600036621094,456.25,457.8399963378906,3987000
2023-07-25,QQQ,376.95001220703125,380.4700012207031,376.92999267578125,378.7799987792969,38894400
2023-07-25,SPY,453.9200134277344,456.739990234375,453.8699951171875,455.44000244140625,55191200
2023-07-25,VOO,417.0799865722656,419.6499938964844,417.07000732421875,418.55999755859375,3949300
2023-07-25,XLK,88.50499725341797,89.5250015258789,88.48999786376953,89.2300033569336,10802200
2023-07-26,IVV,456.8900146484375,459.3599853515625,455.7900085449219,457.8800048828125,5592100
2023-07-26,QQQ,377.7200012207031,379.239990234375,375.17999267578125,377.5199890136719,47075700
2023-07-26,SPY,454.4700012207031,456.989990234375,453.3800048828125,455.510009765625,71052900
2023-07-26,VOO,417.6199951171875,419.8900146484375,416.5799865722656,418.6600036621094,6138800
2023-07-26,XLK,88.29499816894531,88.51000213623047,87.41000366210938,88.02999877929688,15501600
2023-07-27,IVV,461.489990234375,461.8800048828125,453.9599914550781,454.9200134277344,3413300
2023-07-27,QQQ,383.07000732421875,384.7099914550781,375.30999755859375,376.6199951171875,63940200
2023-07-27,SPY,459.0199890136719,459.44000244140625,451.54998779296875,452.489990234375,92194400
2023-07-27,VOO,421.7900085449219,422.1499938964844,414.9200134277344,415.82000732421875,4149400
2023-07-27,XLK,89.22000122070312,89.48999786376953,87.375,87.7750015258789,13857000
2023-07-28,IVV,458.239990234375,460.260009765625,457.5,459.2200012207031,4258700
2023-07-28,QQQ,380.739990234375,384.5199890136719,380.2200012207031,383.4800109863281,56902900
2023-07-28,SPY,455.8800048828125,457.7799987792969,452.489990234375,456.9200134277344,80011800
2023-07-28,VOO,418.92999267578125,420.6199951171875,418.1600036621094,419.8699951171875,2701200
2023-07-28,XLK,88.58999633789062,89.23500061035156,88.40499877929688,88.97000122070312,11287400
2023-07-31,IVV,459.8500061035156,460.5799865722656,458.489990234375,460.17999267578125,3947300
2023-07-31,QQQ,383.7900085449219,384.8800048828125,382.3399963378906,383.67999267578125,44019900
2023-07-31,SPY,457.4100036621094,458.1600036621094,456.04998779296875,457.7900085449219,62040400
2023-07-31,VOO,420.32000732421875,420.9700012207031,419.04998779296875,420.67999267578125,3452100
2023-07-31,XLK,89.05000305175781,89.28500366210938,88.66500091552734,89.17500305175781,10138400
2023-08-01,IVV,458.739990234375,459.6199951171875,457.92999267578125,458.8999938964844,3752800
2023-08-01,QQQ,382.30999755859375,383.55999755859375,380.69000244140625,382.7900085449219,41060600
2023-08-01,SPY,456.2699890136719,457.25,455.489990234375,456.4800109863281,55291500
2023-08-01,VOO,419.260009765625,420.0799865722656,418.54998779296875,419.3800048828125,3118000
2023-08-01,XLK,88.88500213623047,89.51499938964844,88.6500015258789,89.32499694824219,8845800
2023-08-02,IVV,455.6700134277344,455.9100036621094,451.739990234375,452.489990234375,3256300
2023-08-02,QQQ,379.260009765625,379.260009765625,373.1300048828125,374.3900146484375,72687100
2023-08-02,SPY,453.25,453.5199890136719,449.3500061035156,450.1300048828125,93933400
2023-08-02,VOO,416.4599914550781,416.70001220703125,412.8800048828125,413.57000732421875,4973700
2023-08-02,XLK,88.54000091552734,88.59500122070312,86.80000305175781,87.11499786376953,15818600
2023-08-03,IVV,450.4200134277344,453.1099853515625,449.75,451.19000244140625,3274500
2023-08-03,QQQ,371.94000244140625,375.95001220703125,371.7699890136719,373.7900085449219,47666400
2023-08-03,SPY,448.0400085449219,450.7900085449219,447.3699951171875,448.8399963378906,64276100
2023-08-03,VOO,411.67999267578125,414.19000244140625,411.0899963378906,412.3999938964844,3022300
2023-08-03,XLK,86.40499877929688,87.2699966430664,86.3499984741211,86.76000213623047,11321000
2023-08-04,IVV,453.1300048828125,455.2799987792969,448.6499938964844,449.0899963378906,4359900
2023-08-04,QQQ,375.75,378.1000061035156,371.5299987792969,372.0400085449219,61702800
2023-08-04,SPY,450.7200012207031,452.8999938964844,446.2699890136719,446.80999755859375,100128900
2023-08-04,VOO,414.1499938964844,416.1300048828125,410.0299987792969,410.3800048828125,5717300
2023-08-04,XLK,86.46499633789062,86.98500061035156,85.44499969482422,85.58000183105469,14431800
2023-08-07,IVV,451.1000061035156,453.239990234375,450.3900146484375,453.05999755859375,2223600
2023-08-07,QQQ,373.8800048828125,375.2900085449219,371.510009765625,375.19000244140625,37230400
2023-08-07,SPY,448.7099914550781,450.8699951171875,447.989990234375,450.7099914550781,58357500
2023-08-07,VOO,412.2900085449219,414.239990234375,411.6400146484375,414.0799865722656,2598000
2023-08-07,XLK,85.94000244140625,86.23500061035156,85.19999694824219,85.81999969482422,9536000
2023-08-08,IVV,450.42999267578125,451.5799865722656,447.6499938964844,451.1600036621094,3554600
2023-08-08,QQQ,372.6400146484375,372.6600036621094,368.82000732421875,372.0,44726500
2023-08-08,SPY,448.0799865722656,450.70001220703125,445.2699890136719,448.75,71361300
2023-08-08,VOO,411.760009765625,412.739990234375,409.1300048828125,412.2900085449219,3780100
2023-08-08,XLK,85.22000122070312,85.2699966430664,84.30500030517578,85.16000366210938,11461800
2023-08-09,IVV,451.4100036621094,451.57000732421875,447.3299865722656,448.1099853515625,2838200
2023-08-09,QQQ,372.2900085449219,372.45001220703125,367.1400146484375,367.9100036621094,51150900
2023-08-09,SPY,449.0299987792969,449.20001220703125,444.9599914550781,445.75,78789600
2023-08-09,VOO,412.6600036621094,412.7300109863281,408.8500061035156,409.54998779296875,3145900
2023-08-09,XLK,85.2750015258789,85.2750015258789,83.7699966430664,84.05999755859375,14301800
2023-08-10,IVV,450.55999755859375,454.1000061035156,447.07000732421875,448.30999755859375,4508500
2023-08-10,QQQ,370.9700012207031,374.3599853515625,367.0400085449219,368.5899963378906,72035300
2023-08-10,SPY,448.19000244140625,451.70001220703125,444.70001220703125,445.9100036621094,93005500
2023-08-10,VOO,411.79998779296875,415.04998779296875,408.6199951171875,409.7900085449219,4588300
2023-08-10,XLK,84.69999694824219,85.43499755859375,83.65499877929688,84.06999969482422,12731400
2023-08-11,IVV,446.3299865722656,449.0400085449219,445.70001220703125,448.0400085449219,3757800
2023-08-11,QQQ,365.989990234375,368.0,364.69000244140625,366.239990234375,48707200
2023-08-11,SPY,443.9700012207031,446.70001220703125,443.3500061035156,445.6499938964844,68690900
2023-08-11,VOO,407.95001220703125,410.4100036621094,407.3399963378906,409.4100036621094,2918900
2023-08-11,XLK,83.4000015258789,83.94000244140625,83.16000366210938,83.44999694824219,10772000
2023-08-14,IVV,447.0299987792969,450.510009765625,446.760009765625,450.44000244140625,2387400
2023-08-14,QQQ,365.42999267578125,370.4700012207031,364.70001220703125,370.3500061035156,42130800
2023-08-14,SPY,444.70001220703125,448.1099853515625,444.3800048828125,448.1099853515625,47867400
2023-08-14,VOO,408.55999755859375,411.739990234375,408.30999755859375,411.7200012207031,2772900
2023-08-14,XLK,83.36499786376953,84.79000091552734,83.16500091552734,84.77999877929688,10328000
2023-08-15,IVV,448.69000244140625,448.9800109863281,444.6499938964844,445.3399963378906,5019300
2023-08-15,QQQ,369.3599853515625,370.1700134277344,365.739990234375,366.4200134277344,45539900
2023-08-15,SPY,446.2699890136719,446.6400146484375,442.29998779296875,442.8900146484375,75707500
2023-08-15,VOO,410.0899963378906,411.7099914550781,406.4100036621094,407.0,4686100
2023-08-15,XLK,84.52999877929688,84.83000183105469,83.75,83.94499969482422,9366400
2023-08-16,IVV,444.82000732421875,446.5299987792969,441.8699951171875,442.010009765625,2896100
2023-08-16,QQQ,365.8699951171875,367.42999267578125,362.44000244140625,362.5400085449219,53190500
2023-08-16,SPY,442.4599914550781,444.17999267578125,439.5299987792969,439.6400146484375,80107200
2023-08-16,VOO,406.5899963378906,408.1099853515625,403.8699951171875,403.989990234375,3353700
2023-08-16,XLK,83.76499938964844,84.24500274658203,83.13999938964844,83.1449966430664,9779400
2023-08-17,IVV,443.45001220703125,443.760009765625,438.07000732421875,438.6099853515625,3991000
2023-08-17,QQQ,363.9599914550781,364.30999755859375,358.1600036621094,358.5799865722656,62604300
2023-08-17,SPY,441.1600036621094,441.42999267578125,435.75,436.2900085449219,95711300
2023-08-17,VOO,405.3299865722656,405.5799865722656,400.3699951171875,400.7200012207031,7102500
2023-08-17,XLK,83.51499938964844,83.66999816894531,82.2300033569336,82.3550033569336,12614800
2023-08-18,IVV,435.6300048828125,439.8599853515625,435.2900085449219,438.69000244140625,3164000
2023-08-18,QQQ,355.260009765625,359.4100036621094,354.7099914550781,358.1300048828125,61191400
2023-08-18,SPY,433.3699951171875,437.57000732421875,433.010009765625,436.5,98852000
2023-08-18,VOO,398.1700134277344,402.0199890136719,397.8500061035156,401.0899963378906,4157700
2023-08-18,XLK,81.5199966430664,82.81500244140625,81.47000122070312,82.4800033569336,13658600
2023-08-21,IVV,439.8399963378906,442.44000244140625,437.6199951171875,441.6499938964844,3250900
2023-08-21,QQQ,359.6199951171875,364.5899963378906,359.1499938964844,363.8999938964844,50696500
2023-08-21,SPY,437.54998779296875,440.1099853515625,435.32000732421875,439.3399963378906,68719000
2023-08-21,VOO,402.1400146484375,404.3900146484375,399.989990234375,403.739990234375,3292400
2023-08-21,XLK,82.90499877929688,84.2249984741211,82.82499694824219,84.05500030517578,13132800
2023-08-22,IVV,443.5299987792969,443.5799865722656,439.8900146484375,440.3900146484375,4920800
2023-08-22,QQQ,366.54998779296875,366.55999755859375,362.67999267578125,363.3800048828125,44530200
2023-08-22,SPY,441.17999267578125,441.17999267578125,437.57000732421875,438.1499938964844,64994200
2023-08-22,VOO,405.3500061035156,405.3999938964844,402.05999755859375,402.6099853515625,2646100
2023-08-22,XLK,84.80999755859375,84.86000061035156,83.7750015258789,83.95999908447266,11361800
2023-08-23,IVV,441.489990234375,446.010009765625,441.42999267578125,445.25,2857300
2023-08-23,QQQ,364.5799865722656,370.2200012207031,364.3599853515625,369.1099853515625,51770600
2023-08-23,SPY,439.25,443.6700134277344,439.1000061035156,443.0299987792969,68441000
2023-08-23,VOO,403.55999755859375,407.6700134277344,403.4700012207031,406.95001220703125,3250000
2023-08-23,XLK,84.16500091552734,85.7249984741211,84.16000366210938,85.4749984741211,10113200
2023-08-24,IVV,447.0,447.54998779296875,439.1700134277344,439.2699890136719,3583900
2023-08-24,QQQ,372.6400146484375,372.739990234375,361.010009765625,361.2200012207031,66842500
2023-08-24,SPY,444.69000244140625,445.2200012207031,436.8599853515625,436.8900146484375,88517300
2023-08-24,VOO,408.6000061035156,409.0799865722656,401.3999938964844,401.5400085449219,3458800
2023-08-24,XLK,86.55000305175781,86.55500030517578,83.44000244140625,83.50499725341797,13929000
2023-08-25,IVV,441.0400085449219,443.69000244140625,437.3399963378906,442.4100036621094,4118100
2023-08-25,QQQ,362.07000732421875,365.739990234375,358.5799865722656,364.0199890136719,69960500
2023-08-25,SPY,438.67999267578125,441.29998779296875,435.0,439.9700012207031,102325100
2023-08-25,VOO,403.0799865722656,405.79998779296875,399.7099914550781,404.20001220703125,4417800
2023-08-25,XLK,83.83999633789062,84.81999969482422,83.09500122070312,84.3550033569336,15686600
2023-08-28,IVV,444.6400146484375,445.80999755859375,443.25,445.0799865722656,2583100
2023-08-28,QQQ,366.989990234375,367.7099914550781,364.25,366.760009765625,40910000
2023-08-28,SPY,442.239990234375,443.3999938964844,439.9700012207031,442.760009765625,61595400
2023-08-28,VOO,406.3599853515625,407.44000244140625,405.1000061035156,406.8599853515625,3236700
2023-08-28,XLK,84.99500274658203,85.2249984741211,84.38999938964844,85.04499816894531,8963800
2023-08-29,IVV,445.0799865722656,451.8800048828125,444.8900146484375,451.510009765625,3983800
2023-08-29,QQQ,366.55999755859375,375.1300048828125,366.2300109863281,374.7699890136719,58492400
2023-08-29,SPY,442.6499938964844,449.45001220703125,442.4599914550781,449.1600036621094,83081900
2023-08-29,VOO,406.7799987792969,412.9800109863281,406.57000732421875,412.6400146484375,3482700
2023-08-29,XLK,84.80000305175781,86.83499908447266,84.70999908447266,86.75,13713800
2023-08-30,IVV,451.989990234375,454.1199951171875,451.2200012207031,453.489990234375,2811800
2023-08-30,QQQ,374.8800048828125,377.45001220703125,373.8599853515625,376.8599853515625,41731500
2023-08-30,SPY,449.510009765625,451.6700134277344,448.7799987792969,451.010009765625,69053900
2023-08-30,VOO,413.0299987792969,415.0299987792969,412.3999938964844,414.3599853515625,3004500
2023-08-30,XLK,86.76499938964844,87.49500274658203,86.46499633789062,87.40499877929688,12266600
2023-08-31,IVV,454.1300048828125,455.29998779296875,452.6400146484375,452.69000244140625,3881300
2023-08-31,QQQ,376.94000244140625,379.7200012207031,376.8699951171875,377.989990234375,35730700
2023-08-31,SPY,451.6499938964844,452.8299865722656,450.1600036621094,450.3500061035156,66084600
2023-08-31,VOO,414.9800109863281,416.1199951171875,413.6600036621094,413.8299865722656,4751100
2023-08-31,XLK,87.6050033569336,88.16500091552734,87.51000213623047,87.83000183105469,11963400
2023-09-01,IVV,455.7200012207031,456.1300048828125,452.19000244140625,453.6499938964844,2852900
2023-09-01,QQQ,380.3999938964844,380.8299865722656,376.0799865722656,377.5899963378906,39801200
2023-09-01,SPY,453.1700134277344,453.6700134277344,449.67999267578125,451.19000244140625,58944100
2023-09-01,VOO,416.4599914550781,416.8800048828125,413.2099914550781,414.7099914550781,3588000
2023-09-01,XLK,88.37999725341797,88.49500274658203,87.6500015258789,88.0999984741211,9244600
2023-09-05,IVV,453.2099914550781,453.54998779296875,451.6199951171875,451.70001220703125,2289800
2023-09-05,QQQ,376.7699890136719,379.30999755859375,375.8299865722656,378.07000732421875,32344200
2023-09-05,SPY,450.7300109863281,451.05999755859375,449.1700134277344,449.239990234375,55166200
2023-09-05,VOO,414.20001220703125,414.4700012207031,412.7699890136719,412.8999938964844,4426700
2023-09-05,XLK,87.87999725341797,88.69000244140625,87.59500122070312,88.41500091552734,10060400
2023-09-06,IVV,450.8699951171875,450.94000244140625,446.2300109863281,448.55999755859375,6316100
2023-09-06,QQQ,377.2799987792969,377.6300048828125,372.70001220703125,374.739990234375,42998700
2023-09-06,SPY,448.3999938964844,448.510009765625,443.80999755859375,446.2200012207031,70758500
2023-09-06,VOO,412.1000061035156,412.1300048828125,407.8299865722656,410.04998779296875,3744100
2023-09-06,XLK,88.06999969482422,88.29000091552734,86.94000244140625,87.4800033569336,18143200
2023-09-07,IVV,445.489990234375,447.9700012207031,445.1600036621094,447.32000732421875,2310300
2023-09-07,QQQ,370.2099914550781,372.8500061035156,369.1499938964844,372.05999755859375,52060700
2023-09-07,SPY,443.1099853515625,445.54998779296875,442.75,444.8500061035156,70355400
2023-09-07,VOO,407.1700134277344,409.42999267578125,406.8599853515625,408.8299865722656,2245800
2023-09-07,XLK,85.8550033569336,86.40499877929688,85.54000091552734,86.21499633789062,12513600
2023-09-08,IVV,447.25,449.5199890136719,446.9599914550781,447.8699951171875,2787800
2023-09-08,QQQ,372.010009765625,374.8500061035156,371.6000061035156,372.5799865722656,35800100
2023-09-08,SPY,444.8999938964844,447.1099853515625,444.5299987792969,445.5199890136719,61659700
2023-09-08,VOO,408.82000732421875,410.8399963378906,408.489990234375,409.3900146484375,4124400
2023-09-08,XLK,86.20999908447266,86.94999694824219,86.16999816894531,86.3949966430664,8584800
2023-09-11,IVV,450.69000244140625,451.2099914550781,448.9200134277344,450.8999938964844,3671200
2023-09-11,QQQ,375.6600036621094,377.489990234375,373.6600036621094,376.9700012207031,39936600
2023-09-11,SPY,448.239990234375,448.7699890136719,446.4700012207031,448.45001220703125,60180100
2023-09-11,VOO,411.8800048828125,412.3800048828125,410.2900085449219,412.0799865722656,3346600
2023-09-11,XLK,87.15499877929688,87.23500061035156,86.08499908447266,86.84500122070312,8272800
2023-09-12,IVV,449.4200134277344,450.989990234375,447.8399963378906,448.4599914550781,2648700
2023-09-12,QQQ,375.2699890136719,376.95001220703125,372.5,372.7900085449219,41391000
2023-09-12,SPY,446.95001220703125,448.5299987792969,445.3900146484375,445.989990234375,67565400
2023-09-12,VOO,410.70001220703125,412.1499938964844,409.2900085449219,409.8699951171875,7595300
2023-09-12,XLK,86.12000274658203,86.42500305175781,85.11499786376953,85.2699966430664,12243000
2023-09-13,IVV,448.6499938964844,450.1600036621094,447.5199890136719,448.8800048828125,3020300
2023-09-13,QQQ,373.0299987792969,375.8399963378906,371.8800048828125,374.2099914550781,46300700
2023-09-13,SPY,446.2200012207031,447.7099914550781,445.0799865722656,446.510009765625,60199300
2023-09-13,VOO,410.0299987792969,411.3999938964844,408.989990234375,410.3500061035156,2529700
2023-09-13,XLK,85.23500061035156,85.94499969482422,84.99500274658203,85.48500061035156,10008800
2023-09-14,IVV,451.57000732421875,453.54998779296875,450.1700134277344,452.8900146484375,3546900
2023-09-14,QQQ,375.989990234375,378.2699890136719,373.8900146484375,377.2699890136719,48039400
2023-09-14,SPY,449.07000732421875,451.0799865722656,447.7200012207031,450.3599853515625,83430800
2023-09-14,VOO,412.6700134277344,414.510009765625,411.4200134277344,413.8999938964844,3660900
2023-09-14,XLK,86.01000213623047,86.31999969482422,85.47000122070312,86.1050033569336,9473200
2023-09-15,IVV,451.2099914550781,451.5,446.9700012207031,447.04998779296875,5239500
2023-09-15,QQQ,375.9100036621094,376.32000732421875,369.8599853515625,370.80999755859375,69811200
2023-09-15,SPY,447.1400146484375,447.4800109863281,442.9200134277344,443.3699951171875,111848900
2023-09-15,VOO,412.3399963378906,412.6700134277344,408.4800109863281,408.739990234375,4004000
2023-09-15,XLK,85.79499816894531,85.81999969482422,84.2249984741211,84.44999694824219,13116800
2023-09-18,IVV,447.04998779296875,448.9800109863281,446.6000061035156,447.82000732421875,4152700
2023-09-18,QQQ,369.32000732421875,371.7900085449219,369.0299987792969,370.6600036621094,36903500
2023-09-18,SPY,443.04998779296875,444.9700012207031,442.55999755859375,443.6300048828125,55752200
2023-09-18,VOO,408.5799865722656,410.3399963378906,408.1600036621094,409.19000244140625,3014600
2023-09-18,XLK,84.0250015258789,84.95500183105469,84.0,84.67500305175781,9943800
2023-09-19,IVV,446.6700134277344,447.2900085449219,443.94000244140625,446.82000732421875,3575500
2023-09-19,QQQ,369.32000732421875,370.67999267578125,366.79998779296875,369.8699951171875,37621700
2023-09-19,SPY,442.67999267578125,443.2900085449219,439.94000244140625,442.7099914550781,66514600
2023-09-19,VOO,408.2200012207031,408.80999755859375,405.7099914550781,408.3699951171875,3623300
2023-09-19,XLK,84.31500244140625,84.84500122070312,83.8550033569336,84.62999725341797,8236600
2023-09-20,IVV,448.010009765625,448.4599914550781,442.3999938964844,442.5899963378906,5467300
2023-09-20,QQQ,370.95001220703125,371.30999755859375,364.4599914550781,364.5400085449219,45514200
2023-09-20,SPY,444.010009765625,444.44000244140625,438.42999267578125,438.6400146484375,82562600
2023-09-20,VOO,409.4599914550781,409.8399963378906,404.3299865722656,404.54998779296875,4009400
2023-09-20,XLK,84.86000061035156,84.97000122070312,83.26499938964844,83.30000305175781,10760400
2023-09-21,IVV,439.6400146484375,439.9100036621094,435.1400146484375,435.3399963378906,5076600
2023-09-21,QQQ,360.79998779296875,361.6000061035156,357.69000244140625,357.8599853515625,69734800
2023-09-21,SPY,435.70001220703125,435.9700012207031,431.2300109863281,431.3900146484375,104095800
2023-09-21,VOO,401.79998779296875,402.04998779296875,397.69000244140625,397.9200134277344,4633100
2023-09-21,XLK,82.42500305175781,83.01000213623047,81.98999786376953,82.02999877929688,14741200
2023-09-22,IVV,436.3999938964844,438.0299987792969,433.8999938964844,434.29998779296875,9350800
2023-09-22,QQQ,359.6300048828125,361.79998779296875,357.5899963378906,357.9100036621094,51589700
2023-09-22,SPY,432.45001220703125,434.1000061035156,429.989990234375,430.4200134277344,100829700
2023-09-22,VOO,398.79998779296875,400.3299865722656,396.55999755859375,396.9599914550781,7204200
2023-09-22,XLK,82.38999938964844,82.95999908447266,82.0199966430664,82.20500183105469,12537800
2023-09-25,IVV,432.989990234375,436.17999267578125,432.6099853515625,436.1000061035156,4413100
2023-09-25,QQQ,356.92999267578125,359.70001220703125,355.92999267578125,359.6099853515625,39168000
2023-09-25,SPY,429.1700134277344,432.2699890136719,428.7200012207031,432.2300109863281,70874500
2023-09-25,VOO,395.760009765625,398.6400146484375,395.3699951171875,398.6099853515625,3227900
2023-09-25,XLK,81.99500274658203,82.59500122070312,81.78500366210938,82.47000122070312,10577400
2023-09-26,IVV,431.04998779296875,431.7099914550781,426.8999938964844,427.760009765625,4887400
2023-09-26,QQQ,356.989990234375,357.5400085449219,353.2099914550781,354.2099914550781,53657700
2023-09-26,SPY,429.0899963378906,429.82000732421875,425.0199890136719,425.8800048828125,96168400
2023-09-26,VOO,395.7200012207031,396.3599853515625,391.9599914550781,392.760009765625,5734700
2023-09-26,XLK,81.93000030517578,81.9749984741211,80.70500183105469,80.98500061035156,14926000
2023-09-27,IVV,428.94000244140625,429.5400085449219,424.1600036621094,427.8699951171875,6664500
2023-09-27,QQQ,355.3800048828125,356.9800109863281,351.3599853515625,355.0400085449219,56066000
2023-09-27,SPY,427.0899963378906,427.6700134277344,422.2900085449219,426.04998779296875,104705800
2023-09-27,VOO,393.8399963378906,394.3900146484375,389.45001220703125,392.8500061035156,4837700
2023-09-27,XLK,81.375,81.53500366210938,80.30500030517578,81.11000061035156,11665200
2023-09-28,IVV,427.3500061035156,432.1300048828125,426.739990234375,430.3699951171875,4871000
2023-09-28,QQQ,354.1099853515625,360.1700134277344,353.239990234375,358.010009765625,56453300
2023-09-28,SPY,425.4800109863281,430.25,424.8699951171875,428.5199890136719,92258300
2023-09-28,VOO,390.8699951171875,395.2699890136719,390.3299865722656,393.6400146484375,4065800
2023-09-28,XLK,80.7249984741211,82.20500183105469,80.34500122070312,81.68499755859375,12829400
2023-09-29,IVV,433.6199951171875,433.7200012207031,427.8399963378906,429.42999267578125,6239100
2023-09-29,QQQ,361.5400085449219,362.95001220703125,357.0199890136719,358.2699890136719,64829600
2023-09-29,SPY,431.6700134277344,431.8500061035156,425.9100036621094,427.4800109863281,115111300
2023-09-29,VOO,396.6199951171875,396.739990234375,391.29998779296875,392.70001220703125,5766600
2023-09-29,XLK,82.48999786376953,83.25499725341797,81.68499755859375,81.96499633789062,15883800
2023-10-02,IVV,428.489990234375,430.4700012207031,426.3599853515625,429.2799987792969,4666900
2023-10-02,QQQ,358.5400085449219,362.67999267578125,357.9200134277344,361.260009765625,51625100
2023-10-02,SPY,426.6199951171875,428.6000061035156,424.4599914550781,427.30999755859375,83798600
2023-10-02,VOO,391.8999938964844,393.760009765625,389.9700012207031,392.6700134277344,5886200
2023-10-02,XLK,82.00499725341797,83.08499908447266,81.87999725341797,82.84500122070312,13656200
2023-10-03,IVV,426.9200134277344,428.5400085449219,422.0299987792969,423.55999755859375,5467000
2023-10-03,QQQ,358.7799987792969,361.010009765625,353.2799987792969,354.9200134277344,60478500
2023-10-03,SPY,425.05999755859375,427.3699951171875,420.17999267578125,421.5899963378906,103760600
2023-10-03,VOO,390.5799865722656,391.92999267578125,386.0299987792969,387.3900146484375,6886700
2023-10-03,XLK,82.375,82.94000244140625,81.0199966430664,81.44000244140625,14838800
2023-10-04,IVV,423.8999938964844,427.30999755859375,422.4599914550781,426.55999755859375,3560200
2023-10-04,QQQ,355.7699890136719,360.6099853515625,355.29998779296875,359.75,54786700
2023-10-04,SPY,422.07000732421875,425.42999267578125,420.55999755859375,424.6600036621094,87453000
2023-10-04,VOO,387.7300109863281,390.8500061035156,386.3999938964844,390.239990234375,4333700
2023-10-04,XLK,81.50499725341797,82.67500305175781,81.50499725341797,82.45500183105469,15194200
2023-10-05,IVV,426.2799987792969,427.2300109863281,423.0400085449219,426.3599853515625,4030400
2023-10-05,QQQ,359.739990234375,360.1499938964844,355.1400146484375,358.69000244140625,45897400
2023-10-05,SPY,424.3599853515625,425.3699951171875,421.1700134277344,424.5,70142700
2023-10-05,VOO,389.8900146484375,390.7900085449219,386.95001220703125,389.9100036621094,3329100
2023-10-05,XLK,82.44999694824219,82.69999694824219,81.57499694824219,82.56500244140625,12023000
2023-10-06,IVV,423.8699951171875,433.0199890136719,422.4599914550781,431.3699951171875,4153500
2023-10-06,QQQ,355.6499938964844,365.9100036621094,354.8500061035156,364.70001220703125,75049100
2023-10-06,SPY,421.9700012207031,431.1300048828125,420.6000061035156,429.5400085449219,113273300
2023-10-06,VOO,387.69000244140625,396.0899963378906,386.4100036621094,394.55999755859375,4897200
2023-10-06,XLK,82.0,84.47000122070312,81.76000213623047,84.11000061035156,16625600
2023-10-09,IVV,429.45001220703125,434.7900085449219,428.9200134277344,434.2099914550781,2675500
2023-10-09,QQQ,362.29998779296875,367.1099853515625,360.7799987792969,366.55999755859375,45304800
2023-10-09,SPY,427.5799865722656,432.8800048828125,427.010009765625,432.2900085449219,80374400
2023-10-09,VOO,392.7699890136719,397.69000244140625,392.30999755859375,397.19000244140625,2959500
2023-10-09,XLK,83.59500122070312,84.67500305175781,83.20999908447266,84.54499816894531,13139200
2023-10-10,IVV,434.8900146484375,439.1499938964844,434.4700012207031,436.4800109863281,4430000
2023-10-10,QQQ,366.8999938964844,371.2799987792969,366.3900146484375,368.5899963378906,46968800
2023-10-10,SPY,432.94000244140625,437.2200012207031,432.5299987792969,434.5400085449219,78607300
2023-10-10,VOO,397.7699890136719,401.67999267578125,397.3900146484375,399.239990234375,3289600
2023-10-10,XLK,84.6050033569336,85.3550033569336,84.37000274658203,84.67500305175781,20402800
2023-10-11,IVV,437.6300048828125,438.5,435.1000061035156,438.3299865722656,3875600
2023-10-11,QQQ,369.94000244140625,371.4100036621094,368.19000244140625,371.2200012207031,38215100
2023-10-11,SPY,435.6400146484375,436.5799865722656,433.17999267578125,436.32000732421875,62451700
2023-10-11,VOO,400.2699890136719,401.0899963378906,397.989990234375,400.92999267578125,4181800
2023-10-11,XLK,84.93499755859375,85.5,84.66500091552734,85.45999908447266,10389200
2023-10-12,IVV,438.9100036621094,439.2799987792969,433.1700134277344,435.70001220703125,4232300
2023-10-12,QQQ,371.7300109863281,373.739990234375,367.5,369.92999267578125,49587900
2023-10-12,SPY,436.95001220703125,437.3399963378906,431.2300109863281,433.6600036621094,81154200
2023-10-12,VOO,401.4800109863281,401.79998779296875,396.20001220703125,398.5199890136719,3872900
2023-10-12,XLK,85.53500366210938,86.41500091552734,84.88999938964844,85.54000091552734,15405800
2023-10-13,IVV,437.17999267578125,438.3800048828125,431.7900085449219,433.4100036621094,4041200
2023-10-13,QQQ,370.57000732421875,371.1600036621094,363.8599853515625,365.2799987792969,52469900
2023-10-13,SPY,435.2099914550781,436.45001220703125,429.8800048828125,431.5,95143100
2023-10-13,VOO,399.80999755859375,400.9599914550781,394.9599914550781,396.4200134277344,3769800
2023-10-13,XLK,85.70999908447266,85.8550033569336,84.0199966430664,84.31500244140625,15183200
2023-10-16,IVV,435.739990234375,439.0799865722656,435.5299987792969,437.9200134277344,4656900
2023-10-16,QQQ,366.6199951171875,370.4800109863281,366.4700012207031,369.4100036621094,44201100
2023-10-16,SPY,433.82000732421875,437.1400146484375,433.57000732421875,436.0400085449219,75433200
2023-10-16,VOO,398.57000732421875,401.6000061035156,398.3399963378906,400.57000732421875,5150900
2023-10-16,XLK,84.45500183105469,85.51000213623047,84.44000244140625,85.125,14544200
2023-10-17,IVV,434.7300109863281,440.04998779296875,434.3999938964844,438.04998779296875,4864000
2023-10-17,QQQ,365.80999755859375,369.9200134277344,363.6600036621094,368.20001220703125,50999100
2023-10-17,SPY,432.80999755859375,438.1400146484375,432.45001220703125,436.0199890136719,75324700
2023-10-17,VOO,397.6300048828125,402.5,397.30999755859375,400.5799865722656,4214600
2023-10-17,XLK,84.05500030517578,85.16999816894531,83.44999694824219,84.7300033569336,15317800
2023-10-18,IVV,436.1400146484375,437.0899963378906,430.9800109863281,432.30999755859375,7890000
2023-10-18,QQQ,365.6700134277344,367.9100036621094,362.0199890136719,363.3699951171875,54280500
2023-10-18,SPY,434.19000244140625,435.17999267578125,429.0899963378906,430.2099914550781,93559800
2023-10-18,VOO,398.8900146484375,399.80999755859375,394.2200012207031,395.2200012207031,7329300
2023-10-18,XLK,84.13500213623047,84.81999969482422,83.51499938964844,83.86000061035156,12862800
2023-10-19,IVV,432.8500061035156,434.75,427.6199951171875,428.3900146484375,10020200
2023-10-19,QQQ,364.80999755859375,366.0199890136719,359.1600036621094,359.9700012207031,72274200
2023-10-19,SPY,430.95001220703125,432.82000732421875,425.7300109863281,426.42999267578125,121323000
2023-10-19,VOO,395.9700012207031,397.6000061035156,391.1400146484375,391.8699951171875,6708900
2023-10-19,XLK,84.19499969482422,84.76000213623047,83.23500061035156,83.37999725341797,19991800
2023-10-20,IVV,427.8900146484375,428.3800048828125,422.94000244140625,423.1199951171875,7046300
2023-10-20,QQQ,359.4599914550781,360.0400085449219,354.3699951171875,354.6000061035156,72559700
2023-10-20,SPY,425.9800109863281,426.5400085449219,421.0799865722656,421.19000244140625,123919900
2023-10-20,VOO,391.3800048828125,391.82000732421875,386.8399963378906,386.989990234375,7549600
2023-10-20,XLK,83.33999633789062,83.4000015258789,81.88500213623047,81.97000122070312,15350400
2023-10-23,IVV,421.45001220703125,426.3299865722656,419.6499938964844,422.3800048828125,6870500
2023-10-23,QQQ,353.260009765625,359.260009765625,351.1199951171875,355.6700134277344,60665200
2023-10-23,SPY,419.6099853515625,424.45001220703125,417.79998779296875,420.4599914550781,92035100
2023-10-23,VOO,385.4800109863281,389.94000244140625,383.8500061035156,386.30999755859375,5537100
2023-10-23,XLK,81.45999908447266,82.9000015258789,81.00499725341797,82.06500244140625,15159000
2023-10-24,IVV,424.510009765625,426.6499938964844,422.6000061035156,425.55999755859375,8027900
2023-10-24,QQQ,357.510009765625,359.9100036621094,355.7900085449219,359.1300048828125,47082100
2023-10-24,SPY,422.6499938964844,424.82000732421875,420.739990234375,423.6300048828125,78564200
2023-10-24,VOO,388.2799987792969,390.260009765625,386.54998779296875,389.20001220703125,4451500
2023-10-24,XLK,82.38999938964844,82.75499725341797,81.73999786376953,82.62999725341797,11180400
2023-10-25,IVV,423.7699890136719,423.8500061035156,418.8599853515625,419.510009765625,4730800
2023-10-25,QQQ,356.70001220703125,356.8800048828125,349.75,350.3399963378906,71190500
2023-10-25,SPY,421.8900146484375,421.9200134277344,417.0199890136719,417.54998779296875,94223200
2023-10-25,VOO,387.6000061035156,387.67999267578125,383.1199951171875,383.7099914550781,5471200
2023-10-25,XLK,83.0250015258789,83.125,81.41000366210938,81.65499877929688,15529600
2023-10-26,IVV,418.3399963378906,419.1499938964844,413.4200134277344,414.45001220703125,5082000
2023-10-26,QQQ,349.1199951171875,350.07000732421875,342.3500061035156,343.6600036621094,78621400
2023-10-26,SPY,416.45001220703125,417.3299865722656,411.6000061035156,412.54998779296875,115156800
2023-10-26,VOO,382.6300048828125,383.3999938964844,378.1499938964844,379.0,6959400
2023-10-26,XLK,81.80000305175781,82.16000366210938,79.75,80.09500122070312,20646400
2023-10-27,IVV,416.010009765625,416.4100036621094,411.0199890136719,412.54998779296875,5604500
2023-10-27,QQQ,346.42999267578125,348.8399963378906,344.0799865722656,345.30999755859375,63476700
2023-10-27,SPY,414.19000244140625,414.6000061035156,409.2099914550781,410.67999267578125,107367700
2023-10-27,VOO,380.5299987792969,380.8900146484375,375.95001220703125,377.32000732421875,5638800
2023-10-27,XLK,80.58499908447266,81.375,80.20500183105469,80.55999755859375,16231600
2023-10-30,IVV,415.3599853515625,418.510009765625,414.0400085449219,417.45001220703125,4459800
2023-10-30,QQQ,347.8299865722656,350.5400085449219,346.45001220703125,349.20001220703125,55298500
2023-10-30,SPY,413.55999755859375,416.67999267578125,412.2200012207031,415.5899963378906,86562700
2023-10-30,VOO,379.9100036621094,382.79998779296875,378.7099914550781,381.8599853515625,5795800
2023-10-30,XLK,80.98500061035156,81.71499633789062,80.73999786376953,81.42500305175781,14180800
2023-10-31,IVV,418.0,420.3599853515625,416.07000732421875,419.94000244140625,8151800
2023-10-31,QQQ,349.2300109863281,351.25,346.6199951171875,350.8699951171875,47671900
2023-10-31,SPY,416.17999267578125,418.5299987792969,414.2099914550781,418.20001220703125,79665200
2023-10-31,VOO,382.3500061035156,384.4800109863281,380.55999755859375,384.1700134277344,4523200
2023-10-31,XLK,81.46499633789062,82.07499694824219,80.83000183105469,82.00499725341797,10893600
2023-11-01,IVV,421.0299987792969,425.3699951171875,420.4800109863281,424.5299987792969,5645500
2023-11-01,QQQ,351.7200012207031,357.5299987792969,351.6199951171875,356.9599914550781,58992700
2023-11-01,SPY,419.20001220703125,423.5,418.6499938964844,422.6600036621094,98068100
2023-11-01,VOO,385.0899963378906,389.0799865722656,384.6199951171875,388.3999938964844,5549200
2023-11-01,XLK,82.1500015258789,83.69999694824219,82.1500015258789,83.58999633789062,20945800
2023-11-02,IVV,428.4800109863281,432.8399963378906,428.4800109863281,432.7099914550781,4265200
2023-11-02,QQQ,361.5400085449219,363.67999267578125,360.29998779296875,363.44000244140625,58162400
2023-11-02,SPY,426.5799865722656,430.9200134277344,426.55999755859375,430.760009765625,94938900
2023-11-02,VOO,391.92999267578125,395.9100036621094,391.9200134277344,395.7799987792969,4752200
2023-11-02,XLK,84.34500122070312,85.08000183105469,84.2300033569336,85.00499725341797,16192600
2023-11-03,IVV,435.05999755859375,438.239990234375,434.95001220703125,436.5899963378906,6222800
2023-11-03,QQQ,364.75,369.0199890136719,364.5199890136719,367.7099914550781,53280500
2023-11-03,SPY,433.1400146484375,436.2900085449219,433.010009765625,434.69000244140625,100167800
2023-11-03,VOO,397.9200134277344,400.8500061035156,397.8399963378906,399.44000244140625,5981400
2023-11-03,XLK,84.91999816894531,86.2249984741211,84.73500061035156,85.87999725341797,15661800
2023-11-06,IVV,437.489990234375,438.0400085449219,435.6300048828125,437.6400146484375,3296900
2023-11-06,QQQ,368.489990234375,369.7799987792969,366.9100036621094,369.2099914550781,38848700
2023-11-06,SPY,435.4700012207031,436.1499938964844,433.67999267578125,435.69000244140625,67831700
2023-11-06,VOO,400.1199951171875,400.7300109863281,398.4599914550781,400.2099914550781,4007100
2023-11-06,XLK,85.99500274658203,86.4749984741211,85.7249984741211,86.44499969482422,11099200
2023-11-07,IVV,437.6600036621094,439.5400085449219,436.4700012207031,438.79998779296875,3054700
2023-11-07,QQQ,370.2699890136719,373.5799865722656,369.04998779296875,372.70001220703125,50777400
2023-11-07,SPY,435.69000244140625,437.5899963378906,434.510009765625,436.92999267578125,64256100
2023-11-07,VOO,400.260009765625,402.0400085449219,399.2300109863281,401.3399963378906,3358600
2023-11-07,XLK,86.67500305175781,87.6449966430664,86.54499816894531,87.38999938964844,13029800
2023-11-08,IVV,439.5,440.0400085449219,436.82000732421875,439.1600036621094,3617300
2023-11-08,QQQ,373.0799865722656,373.7900085449219,370.6199951171875,372.94000244140625,35663400
2023-11-08,SPY,437.54998779296875,438.0899963378906,434.8699951171875,437.25,61746000
2023-11-08,VOO,401.989990234375,402.5,399.55999755859375,401.6700134277344,3731900
2023-11-08,XLK,87.69000244140625,88.02999877929688,87.29000091552734,87.88500213623047,10722400
2023-11-09,IVV,440.45001220703125,440.45001220703125,435.3699951171875,435.8500061035156,4047900
2023-11-09,QQQ,373.6400146484375,374.79998779296875,369.57000732421875,370.07000732421875,53859400
2023-11-09,SPY,438.42999267578125,438.4700012207031,433.3999938964844,433.8399963378906,83174400
2023-11-09,VOO,402.80999755859375,402.8800048828125,398.2099914550781,398.6400146484375,4145600
2023-11-09,XLK,88.01499938964844,88.66000366210938,87.36000061035156,87.4749984741211,14374600
2023-11-10,IVV,437.9700012207031,442.9200134277344,436.3999938964844,442.6700134277344,3673600
2023-11-10,QQQ,371.82000732421875,378.5400085449219,371.2799987792969,378.3900146484375,58309800
2023-11-10,SPY,435.9800109863281,440.92999267578125,433.8299865722656,440.6099853515625,89462200
2023-11-10,VOO,400.5899963378906,405.1099853515625,399.1400146484375,404.8599853515625,3992800
2023-11-10,XLK,88.00499725341797,89.81999969482422,87.90499877929688,89.76000213623047,13346400
2023-11-13,IVV,441.2099914550781,443.3299865722656,440.4100036621094,442.1600036621094,3675000
2023-11-13,QQQ,376.7900085449219,378.2799987792969,375.239990234375,377.2099914550781,40733500
2023-11-13,SPY,439.2300109863281,441.3299865722656,438.4200134277344,440.19000244140625,52236100
2023-11-13,VOO,403.5899963378906,405.489990234375,402.82000732421875,404.45001220703125,2872900
2023-11-13,XLK,89.38500213623047,89.45999908447266,88.86000061035156,89.23500061035156,11725000
2023-11-14,IVV,448.42999267578125,452.1000061035156,448.1099853515625,450.8299865722656,4063400
2023-11-14,QQQ,383.7099914550781,386.260009765625,383.17999267578125,385.3299865722656,67792600
2023-11-14,SPY,446.32000732421875,450.05999755859375,446.0899963378906,448.7300109863281,97176900
2023-11-14,VOO,410.0400085449219,413.510009765625,409.8900146484375,412.2200012207031,6973100
2023-11-14,XLK,90.5999984741211,91.25,90.31999969482422,91.0199966430664,16508400
2023-11-15,IVV,452.2200012207031,453.4200134277344,450.8500061035156,451.739990234375,5462000
2023-11-15,QQQ,387.25,387.75,384.239990234375,385.6199951171875,54141400
2023-11-15,SPY,450.1099853515625,451.3800048828125,448.79998779296875,449.67999267578125,77327600
2023-11-15,VOO,413.5400085449219,414.7200012207031,412.3699951171875,413.1199951171875,4414800
2023-11-15,XLK,91.42500305175781,91.56500244140625,90.78500366210938,91.13500213623047,13147800
2023-11-16,IVV,451.260009765625,452.54998779296875,450.19000244140625,452.29998779296875,3578400
2023-11-16,QQQ,384.8399963378906,386.19000244140625,383.55999755859375,385.95001220703125,45343500
2023-11-16,SPY,449.2200012207031,450.55999755859375,448.1199951171875,450.2300109863281,66665800
2023-11-16,VOO,412.739990234375,413.95001220703125,411.75,413.70001220703125,3798900
2023-11-16,XLK,90.95500183105469,91.69000244140625,90.79000091552734,91.58999633789062,11553600
2023-11-17,IVV,452.4700012207031,453.4800109863281,451.3599853515625,452.7799987792969,3208800
2023-11-17,QQQ,385.2099914550781,387.07000732421875,384.2900085449219,386.0400085449219,46571900
2023-11-17,SPY,450.239990234375,451.4200134277344,449.2900085449219,450.7900085449219,83133200
2023-11-17,VOO,413.94000244140625,414.7900085449219,412.8699951171875,414.30999755859375,4696200
2023-11-17,XLK,91.38500213623047,91.75,91.00499725341797,91.4000015258789,13277800
2023-11-20,IVV,452.6099853515625,457.2099914550781,452.5799865722656,456.4200134277344,4520700
2023-11-20,QQQ,386.04998779296875,391.4100036621094,386.04998779296875,390.739990234375,44429600
2023-11-20,SPY,450.5299987792969,455.1300048828125,450.5199890136719,454.260009765625,69936200
2023-11-20,VOO,413.989990234375,418.20001220703125,413.9800109863281,417.42999267578125,3517600
2023-11-20,XLK,91.51499938964844,92.96499633789062,91.50499725341797,92.7249984741211,11116200
2023-11-21,IVV,455.2300109863281,455.7099914550781,454.05999755859375,455.3699951171875,3133200
2023-11-21,QQQ,389.010009765625,389.2300109863281,386.70001220703125,388.4700012207031,43337000
2023-11-21,SPY,453.17999267578125,454.1300048828125,451.9599914550781,453.2699890136719,49244600
2023-11-21,VOO,416.3999938964844,416.8399963378906,415.29998779296875,416.3399963378906,5248200
2023-11-21,XLK,92.30500030517578,92.44999694824219,91.63999938964844,91.9749984741211,13350800
2023-11-22,IVV,457.07000732421875,458.4800109863281,455.9700012207031,457.1000061035156,3391200
2023-11-22,QQQ,390.57000732421875,393.07000732421875,389.0400085449219,390.05999755859375,44121000
2023-11-22,SPY,454.9800109863281,456.3800048828125,453.8900146484375,455.0199890136719,59394900
2023-11-22,VOO,418.07000732421875,419.30999755859375,417.05999755859375,418.1400146484375,3692800
2023-11-22,XLK,92.55500030517578,93.17500305175781,92.13500213623047,92.38500213623047,11213400
2023-11-24,IVV,457.17999267578125,457.5899963378906,456.80999755859375,457.44000244140625,1306500
2023-11-24,QQQ,389.6499938964844,390.25,388.5,389.510009765625,15718800
2023-11-24,SPY,455.07000732421875,455.5,454.7300109863281,455.29998779296875,29737400
2023-11-24,VOO,418.19000244140625,418.489990234375,417.8399963378906,418.3699951171875,1351300
2023-11-24,XLK,92.2300033569336,92.30999755859375,91.8550033569336,92.20500183105469,4193800
2023-11-27,IVV,456.80999755859375,457.5899963378906,456.1700134277344,456.5899963378906,3092000
2023-11-27,QQQ,389.010009765625,391.1499938964844,388.2799987792969,389.1700134277344,34139700
2023-11-27,SPY,454.6499938964844,455.489990234375,454.0799865722656,454.4800109863281,50506000
2023-11-27,VOO,417.7900085449219,418.5299987792969,417.2300109863281,417.6400146484375,3632600
2023-11-27,XLK,92.07499694824219,92.73500061035156,91.91000366210938,92.19999694824219,8420000
2023-11-28,IVV,456.17999267578125,458.3699951171875,455.5899963378906,456.9800109863281,2447800
2023-11-28,QQQ,388.4100036621094,390.7799987792969,388.04998779296875,390.19000244140625,35491100
2023-11-28,SPY,454.0799865722656,456.2699890136719,453.5,454.92999267578125,62115000
2023-11-28,VOO,417.25,419.25,416.7099914550781,418.04998779296875,3382400
2023-11-28,XLK,91.88999938964844,92.62000274658203,91.88999938964844,92.375,11012400
2023-11-29,IVV,459.260009765625,460.3999938964844,456.2900085449219,456.7699890136719,3979700
2023-11-29,QQQ,392.69000244140625,394.1400146484375,389.4599914550781,389.80999755859375,38811700
2023-11-29,SPY,457.1499938964844,458.32000732421875,454.20001220703125,454.6099853515625,63146000
2023-11-29,VOO,420.05999755859375,421.1199951171875,417.3699951171875,417.7799987792969,4092600
2023-11-29,XLK,93.05000305175781,93.44999694824219,92.38999938964844,92.44499969482422,10765400
2023-11-30,IVV,457.57000732421875,458.8399963378906,455.4100036621094,458.4200134277344,4075100
2023-11-30,QQQ,390.0799865722656,390.54998779296875,385.82000732421875,388.8299865722656,52834400
2023-11-30,SPY,455.4800109863281,456.760009765625,453.3399963378906,456.3999938964844,79752700
2023-11-30,VOO,418.5400085449219,419.70001220703125,416.57000732421875,419.3999938964844,4405700
2023-11-30,XLK,92.83000183105469,92.95500183105469,91.80500030517578,92.58000183105469,13744000
2023-12-01,IVV,457.8900146484375,461.760009765625,457.2900085449219,461.1300048828125,5396200
2023-12-01,QQQ,387.75,390.5400085449219,386.07000732421875,389.94000244140625,40490100
2023-12-01,SPY,455.7699890136719,459.6499938964844,455.1600036621094,459.1000061035156,89183400
2023-12-01,VOO,418.8299865722656,422.3699951171875,418.25,421.8599853515625,4973600
2023-12-01,XLK,92.33999633789062,92.95500183105469,91.8949966430664,92.79000091552734,13992200
2023-12-04,IVV,457.70001220703125,459.0400085449219,456.45001220703125,458.8500061035156,4123600
2023-12-04,QQQ,386.0899963378906,386.6000061035156,382.6600036621094,386.32000732421875,51186900
2023-12-04,SPY,455.6000061035156,459.1199951171875,454.3399963378906,456.69000244140625,72430900
2023-12-04,VOO,418.6499938964844,419.8699951171875,417.5,419.739990234375,5806100
2023-12-04,XLK,91.86499786376953,91.86499786376953,90.66000366210938,91.66000366210938,18221800
2023-12-05,IVV,457.3999938964844,459.69000244140625,456.989990234375,458.75,4553400
2023-12-05,QQQ,384.3900146484375,388.5,384.2099914550781,387.2900085449219,42933000
2023-12-05,SPY,455.260009765625,457.5899963378906,454.8699951171875,456.6000061035156,69793500
2023-12-05,VOO,418.3399963378906,420.4700012207031,418.0,419.6099853515625,3419300
2023-12-05,XLK,91.16999816894531,92.31500244140625,91.16999816894531,92.20999908447266,10841400
2023-12-06,IVV,460.95001220703125,460.9800109863281,456.45001220703125,456.8500061035156,4045600
2023-12-06,QQQ,390.2699890136719,390.3699951171875,384.70001220703125,385.04998779296875,41994100
2023-12-06,SPY,458.80999755859375,458.8399963378906,454.30999755859375,454.760009765625,69124700
2023-12-06,VOO,421.6099853515625,421.6700134277344,417.4599914550781,417.8599853515625,4201800
2023-12-06,XLK,92.78500366210938,92.91999816894531,91.36000061035156,91.43000030517578,14731400
2023-12-07,IVV,459.0,461.0,456.79998779296875,460.3599853515625,6440900
2023-12-07,QQQ,388.07000732421875,391.2699890136719,386.9599914550781,390.42999267578125,49593500
2023-12-07,SPY,456.9100036621094,458.8999938964844,456.2900085449219,458.2300109863281,66995400
2023-12-07,VOO,419.80999755859375,421.6700134277344,419.2799987792969,421.1300048828125,3248300
2023-12-07,XLK,91.86499786376953,92.69499969482422,91.66999816894531,92.54000091552734,13928800
2023-12-08,IVV,459.6099853515625,462.8699951171875,459.3500061035156,462.3500061035156,5019300
2023-12-08,QQQ,388.6700134277344,392.6199951171875,388.4800109863281,392.1700134277344,46687500
2023-12-08,SPY,457.4599914550781,460.75,457.2099914550781,460.20001220703125,83194400
2023-12-08,VOO,420.3699951171875,423.3699951171875,420.1499938964844,422.9200134277344,5125300
2023-12-08,XLK,92.33999633789062,93.40499877929688,92.2249984741211,93.33000183105469,12808800
2023-12-11,IVV,461.82000732421875,464.3299865722656,461.6199951171875,464.1499938964844,7102000
2023-12-11,QQQ,391.739990234375,395.7900085449219,391.5299987792969,395.5199890136719,41198000
2023-12-11,SPY,459.69000244140625,462.1700134277344,459.4700012207031,461.989990234375,65002200
2023-12-11,VOO,422.4100036621094,424.7099914550781,422.2200012207031,424.55999755859375,5247100
2023-12-11,XLK,93.05500030517578,94.16500091552734,92.83999633789062,94.1449966430664,37795400
2023-12-12,IVV,463.7900085449219,466.45001220703125,462.75,466.45001220703125,6803300
2023-12-12,QQQ,395.55999755859375,398.7900085449219,394.4100036621094,398.6700134277344,39221200
2023-12-12,SPY,461.6300048828125,464.20001220703125,460.6000061035156,464.1000061035156,68327600
2023-12-12,VOO,424.2200012207031,426.6700134277344,423.2699890136719,426.6700134277344,5982600
2023-12-12,XLK,93.80000305175781,94.80000305175781,93.72000122070312,94.7699966430664,15055400
2023-12-13,IVV,466.6400146484375,472.989990234375,466.30999755859375,472.8399963378906,7733800
2023-12-13,QQQ,399.6199951171875,404.3599853515625,398.8399963378906,403.739990234375,55408100
2023-12-13,SPY,464.489990234375,470.760009765625,464.1199951171875,470.5,93278000
2023-12-13,VOO,426.8800048828125,432.6099853515625,426.510009765625,432.4800109863281,8659100
2023-12-13,XLK,94.99500274658203,95.83499908447266,94.7699966430664,95.6050033569336,29395000
2023-12-14,IVV,474.739990234375,475.9700012207031,471.4800109863281,474.32000732421875,7208400
2023-12-14,QQQ,404.9800109863281,406.29998779296875,400.3399963378906,403.3900146484375,55447800
2023-12-14,SPY,472.5,473.7300109863281,469.25,472.010009765625,119026000
2023-12-14,VOO,434.2200012207031,435.3599853515625,431.239990234375,433.75,8349100
2023-12-14,XLK,95.68000030517578,96.04000091552734,94.66500091552734,95.37000274658203,15427400
2023-12-15,IVV,473.5899963378906,474.75,472.55999755859375,473.5199890136719,6819900
2023-12-15,QQQ,404.17999267578125,406.5400085449219,403.57000732421875,405.3399963378906,62896600
2023-12-15,SPY,469.489990234375,470.70001220703125,467.42999267578125,469.3299865722656,141553700
2023-12-15,VOO,433.19000244140625,434.25,432.239990234375,433.0899963378906,5326000
2023-12-15,XLK,95.2699966430664,96.4000015258789,95.2699966430664,95.8499984741211,18131200
2023-12-18,IVV,475.1199951171875,477.1400146484375,474.989990234375,476.1499938964844,8393500
2023-12-18,QQQ,404.92999267578125,407.989990234375,404.6000061035156,407.0799865722656,46610000
2023-12-18,SPY,470.9800109863281,472.9800109863281,469.8900146484375,471.9700012207031,70375300
2023-12-18,VOO,434.6400146484375,436.3999938964844,434.45001220703125,435.5400085449219,4280500
2023-12-18,XLK,95.62000274658203,96.13999938964844,95.21499633789062,95.92500305175781,10138000
2023-12-19,IVV,476.7300109863281,479.0799865722656,476.6400146484375,478.8999938964844,5105400
2023-12-19,QQQ,407.5400085449219,409.2799987792969,407.3500061035156,409.1600036621094,35711900
2023-12-19,SPY,472.5299987792969,474.9200134277344,472.45001220703125,474.8399963378906,55761800
2023-12-19,VOO,436.0400085449219,438.2200012207031,435.95001220703125,438.19000244140625,4061500
2023-12-19,XLK,95.90499877929688,96.30000305175781,95.8499984741211,96.29000091552734,9003600
2023-12-20,IVV,476.25,478.1600036621094,470.0400085449219,470.1400146484375,6341600
2023-12-20,QQQ,408.3500061035156,410.4700012207031,402.8999938964844,403.0799865722656,54042400
2023-12-20,SPY,473.9599914550781,475.8999938964844,467.82000732421875,468.260009765625,102921000
2023-12-20,VOO,435.510009765625,437.30999755859375,429.8999938964844,430.0899963378906,5783200
2023-12-20,XLK,96.18000030517578,96.5199966430664,94.81999969482422,94.83499908447266,13734800
2023-12-21,IVV,473.5400085449219,475.20001220703125,471.04998779296875,474.9100036621094,8863900
2023-12-21,QQQ,407.05999755859375,408.1400146484375,404.4700012207031,407.7699890136719,45568900
2023-12-21,SPY,471.3299865722656,472.9800109863281,468.8399963378906,472.70001220703125,86667500
2023-12-21,VOO,433.1300048828125,434.6400146484375,430.8599853515625,434.2799987792969,4621600
2023-12-21,XLK,95.80000305175781,96.11499786376953,95.09500122070312,95.9000015258789,11336000
2023-12-22,IVV,476.1300048828125,477.6300048828125,473.94000244140625,475.82000732421875,4267600
2023-12-22,QQQ,409.0,409.9700012207031,406.4800109863281,408.3800048828125,34314000
2023-12-22,SPY,473.8599853515625,475.3800048828125,471.70001220703125,473.6499938964844,67160400
2023-12-22,VOO,435.4599914550781,436.8399963378906,433.4800109863281,435.2900085449219,4037800
2023-12-22,XLK,96.17500305175781,96.30500030517578,95.55000305175781,96.0250015258789,10215000
2023-12-26,IVV,476.32000732421875,478.80999755859375,476.2300109863281,477.8699951171875,2235700
2023-12-26,QQQ,409.25,411.55999755859375,409.1499938964844,410.8800048828125,22722500
2023-12-26,SPY,474.07000732421875,476.5799865722656,473.989990234375,475.6499938964844,55387000
2023-12-26,VOO,435.6700134277344,437.9200134277344,435.5799865722656,437.1000061035156,3835800
2023-12-26,XLK,96.08499908447266,96.625,96.08499908447266,96.42500305175781,6207600
2023-12-27,IVV,477.7799987792969,478.8999938964844,477.1600036621094,478.7799987792969,3761000
2023-12-27,QQQ,410.95001220703125,411.7900085449219,410.0799865722656,411.5,31980500
2023-12-27,SPY,475.44000244140625,476.6600036621094,474.8900146484375,476.510009765625,68000300
2023-12-27,VOO,436.8999938964844,438.0199890136719,436.4200134277344,437.8999938964844,4271000
2023-12-27,XLK,96.4749984741211,96.62000274658203,96.01000213623047,96.41999816894531,11764600
2023-12-28,IVV,479.1499938964844,479.7900085449219,478.5199890136719,479.0,3429500
2023-12-28,QQQ,412.6700134277344,412.9200134277344,410.94000244140625,411.29998779296875,27029200
2023-12-28,SPY,476.8800048828125,477.54998779296875,476.260009765625,476.69000244140625,77158100
2023-12-28,VOO,438.25,438.8399963378906,437.6600036621094,437.9700012207031,4703700
2023-12-28,XLK,96.76000213623047,96.86000061035156,96.48999786376953,96.53500366210938,9615400
2023-12-29,IVV,478.7300109863281,479.260009765625,475.5400085449219,477.6300048828125,3990000
2023-12-29,QQQ,411.2799987792969,411.6400146484375,407.5799865722656,409.5199890136719,42662100
2023-12-29,SPY,476.489990234375,477.0299987792969,473.29998779296875,475.30999755859375,122283100
2023-12-29,VOO,437.8699951171875,438.3399963378906,434.94000244140625,436.79998779296875,4376900
2023-12-29,XLK,96.58499908447266,96.77999877929688,95.76000213623047,96.23999786376953,12190600
